Username,Password
HRG8307,195315605224
OYG5839,294735466431
PHP8771,619899217826
JVN8528,189590439177
XPG5381,200781903037
EOP4048,800736075550
WLP6629,764318906824
VPD5619,529748612831
MGS9321,930993986560
FSK9980,962898699785
DAI8077,596253061050
NNG3195,709606713840
JSA5682,954057723941
WXW6380,397451253800
NYA6716,696638004643
VYC4252,200090809594
ZIG1516,809098338702
BWI8132,770362253366
RJQ5987,345190011440
OJV3512,373584896132
MRB7219,934299502713
RKI3179,225779742780
TUF7525,859291033531
EFE3078,847260033324
SHG7725,502970730365
EDS5587,965007846457
MSV7339,791727857310
NLO8768,729736269593
YMX6232,916687842999
WYK6057,479285333198
VBF5034,087219478630
BOO3049,829916005154
LWH6501,206096113939
KQM3255,080052757333
VJK4875,647917509725
ZYT9123,041211627501
EHH4816,907948083939
FPD5746,253430589301
QCN3387,993130512174
NFN4032,570975660899
NRF0308,315385379689
BGG1614,280522405714
RXO4684,397614250101
RUK2195,862822382445
HZK5667,094813548247
YKD3142,187243362246
VQD2496,916486755923
HHX1162,042300757242
TCS2601,455144800957
OYU4404,136423855050
PFS0505,533147658566
ZWZ8302,023011413460
LKK7352,891332882641
IJU5298,220743732129
OEI0961,319738101138
ORA1119,345174478752
UHY2489,105093483343
SQJ6589,959978096903
LKK9040,281391946633
LNC3483,921157003632
AXM9911,499933475049
KFN9612,507997361274
NIC5668,158125345096
UVN3638,878214336458
FQK8862,521321399135
MTC8281,719990594474
ZRX0570,615264127126
XYJ1052,164195380535
SCB5796,023048924591
YRO9973,749776133164
YUH2999,627915969895
DYD0729,286278599896
RVD4703,551840689632
GPK3764,226882551231
MBI3295,518301323026
ECL0011,926051395007
EIU9965,428002779072
SWS7663,870048633462
CEQ6839,956921482020
CBE4156,883013121024
WOF6018,005221795883
SIW5588,749675890976
JFT8156,256295514859
ESB3687,763225729609
LYZ7874,132320707680
HOL1897,591958826579
ITS2855,781884392789
INN3676,046438125683
EWD3101,789204917957
TSD2596,269490140353
OZQ4711,812963473608
OLT9710,849182018575
ULF1436,713428004635
BBH3068,320230392226
DVG6923,786228751785
OSD0317,485960863389
MDP0002,393982813018
RBV8665,235353978677
DGK6799,222593522407
TQR6217,754132657989
UAX6674,855807990068
KIG3159,596125008770
OKC8721,031269413824
HZA6082,518800313565
YEX5754,279090951432
DLE3922,572171863220
TAD9360,855737588275
RDG3471,537405765600
YMH7728,588389904099
CVQ8642,444714271032
FKW9327,127655597276
EID5391,248594330096
DUR4757,755094144841
QFC3976,867532101864
TNK2014,136238344678
XXU3058,571839988448
DVH2283,396865100751
LDC5439,256330824206
DUK5013,790228977854
RWC6405,941197146573
OUU8277,268611121355
KQB2588,527841971115
MEY8716,560333227013
MYT0479,366691163734
MMD7730,061859252527
AQD3198,530911015777
KCS8905,183848394030
LJE3002,007519431049
RCC1969,496322460304
UJE1252,268481838917
CLY1267,212000643059
QBY3158,074996218244
WEM1692,428111854898
ZMH4333,514655607124
BSV2324,176943830076
DUY3034,543761565694
LKB2362,474312632324
HBG8352,296617782683
KZD5745,636076761029
FXZ8923,633301598527
UCM6879,916108368583
HBY1082,155482862899
MDN3407,838533027900
OOM5915,662877279950
BYN0696,672694722652
WSN0246,282908044822
RSH5003,532785918792
YYM9642,150146157660
NAS6485,719774201245
TUD5095,557853328131
FAC0031,634544984876
UGL7524,219555850194
ZJB0658,538004271580
PCV6279,099511353923
IYQ3066,512621194472
JOH1279,902488436445
LCB9549,022764982675
TVY6485,059024133844
WSP9053,262277687888
IZY5654,078589033143
EJE3919,455708555086
YVW0175,873712998518
WUZ3897,308035403456
SGB7211,798983344976
YFD3659,042631054167
ONX1042,381138469842
ZPT4104,839426359990
DEG3526,895139568390
XCP5477,108414709380
APE9047,048962167825
OLQ7838,057138411386
ZBA4101,860814928234
UPD9140,750773079506
MOB2606,358989437981
YDA1670,605449037759
DIU3468,145160810509
MGV7801,722972183849
NKS3726,889780988114
HGI5886,097677135625
BPL1581,954088584315
CFB7149,279020951060
YDZ1682,599084534540
JIY1212,246046011055
SFJ6415,493334305508
FIN4487,414092271061
HEF5031,209072638786
SGQ0454,777312450995
ZDV8991,549895615542
JKZ5753,182348588717
SGA2565,834950195484
OXA7059,747575780822
ZPC4219,169061045934
NRA4090,159450827460
EUL2923,778579173201
LIT1858,217006871024
PAX6376,250661381577
NUL7039,056520695533
WHR2586,530288457907
FVT1438,246370991157
TCP0648,975433898040
WJH5936,986173241243
QAH6716,022394685935
KGR0787,211251740820
OPF8816,157867424342
JRB2892,669609425070
OZT2867,184091529352
GAT3971,572461740515
BCR9602,884402739370
AWX1330,951167395561
QDP6156,597945211593
NER9838,245240669664
QWO8990,158230742298
ZKX3795,307598760286
FNS1560,529979102718
KJK3093,770881954792
NAF0940,140778230056
GRX9376,683255143414
TRK6924,827036109504
KEL5824,456832184578
AGT9291,380876640726
POJ0890,704663460056
VXY3482,280971021360
CCN9165,862920432613
ZBW5339,318394865637
UPL4872,277676371787
XJB1006,628879965443
CMD8957,289078492023
HFT2666,203811414368
DMJ3624,344742983510
MXQ2853,971704038194
FCL4198,022528285541
TSH8845,160801554693
WEQ7444,786878302956
JOZ2781,831820262166
YEA7894,411973515604
CDH2887,974356031630
KJS3685,492349772251
YTD4670,728721024909
QHG9902,019080020344
UGS4319,554294050782
DPU0247,405552463761
FIZ7014,062271638015
DEV4021,173212656351
PTL0707,756388329073
VMB2368,060113125172
JEJ4761,604883123093
DHM8430,386189193515
ZLH3076,867303398186
NXL6698,296721582141
UUY3157,802171395154
EDU3766,440766515441
YXG5498,449318369794
KAC5866,595487347786
WKU6717,343365896605
CKA4083,537214537341
FCS9675,242567077830
HRZ3871,355803549620
MWT8903,596446302822
OWZ5867,847584471109
XLP1618,803405064941
OIA6807,419735165912
OIV1053,937904722803
QJV5188,501190959019
RYF8682,892969045287
CST3116,028853141834
AWJ6840,573938330478
YIT5438,749577672174
SGG3721,231651070866
WYF5979,813893263117
WMP7787,129319971728
VHV3958,370936334534
DEQ9321,923442387614
VVI6601,107842812139
MYA4966,240123742608
VWF0175,453109902463
KMV3823,565255555535
OPW5201,845140646442
UWY7511,309202754510
VRF8428,007277168427
SGD8087,981678786746
EPY6950,771001305540
QRC6816,075317121899
DTI3385,423491122712
VAN0433,093874056021
ITN2789,771745805739
DGC9445,304557292604
SUR3587,951647092441
HCS9515,318981157899
AJT4619,713989171545
OXM9597,258811267620
YCV6864,435842488694
QDY9441,061395287563
JHM6850,509354912180
ZRL4954,573465496375
NCT9094,127561834303
DOC5196,474125736875
TAG5857,606297622997
AIA1814,451843448996
VNA0260,314403749457
SKQ5936,724003696670
TKW6850,730318589892
TFP6429,988837773301
FUY5033,573095971426
FJC8409,362965019796
PXG0596,081798087635
GEW9848,565531547710
XGB2969,057621032565
EIY0511,838999579216
ZKC2539,689532647798
IAZ5260,250467322162
SWB9525,043271072871
MKW3137,899845174165
CGN5278,539942900296
TDQ9607,091348681076
SEK3520,209378584670
KHI7115,307548853366
SUV3776,957543586322
EKV4860,748576609021
IVU7726,342611791167
AQN3565,140945890171
RNJ3425,442945824661
NIC7855,142146984249
LCP2478,311350627901
YMO6187,791771014992
DKS0148,639585036887
PPP9807,212250046419
RWE7798,552193666715
OTM8430,334400619574
WSO5406,267052839927
VVE0981,299447323620
VOV7919,604199202448
TZP8320,685338396134
EXA9096,668423228783
VZY7107,960614837229
VAS8929,312683228863
IZS4359,132746390935
YLG1527,129115405398
QED3898,438732084406
IOY7154,280985675395
AYW7201,351618949608
FDO5732,751853319173
BEA9855,606331517894
CIQ5925,465358980527
OTS2373,309927529389
BHH5639,447413284337
AQR3061,946513558742
BXO2032,845920031552
WXC0504,914656884083
LKY1374,881186701045
MLO3766,718351517938
UQL9035,719850518048
LRN3307,629971142271
GCD3849,878450448803
YYV2173,685226139806
FGD5921,402782726677
WCN0925,071713743023
OIW7156,099633801565
KKR1683,358408068081
EYM1722,652216493305
FZB6769,178532223212
HMV8959,043399681087
QSZ7909,785481779410
BLC8804,045240267871
BLZ8728,208338924295
GYR5040,003970466791
KCS1520,792625735317
GSH8720,260230027358
QNA2075,705357120444
UUO7981,652270202881
LTC7187,975545036066
NOF5778,825757200417
IJL2311,664846687352
SNU5237,010629296728
MRK5703,922917762155
RFB7622,400300878563
YKE9546,055779849635
MBB0195,023675049372
ARJ0565,495544918006
ZTD3784,556040968586
OYM6071,643683453653
THW2420,110833814250
PWB6226,302127830412
EUM2100,621830018748
DTO8696,972530255494
MBQ3888,900788905870
OZM4061,872529632257
OWC4382,480452058157
DGC1844,109811986098
YLX7964,173909855309
IWG4260,075023098168
IUI6116,689664366073
AZD8357,717134907249
EZO8318,651519626383
EHF6875,491087200723
VLW9093,265833318583
RUM7026,594087956640
TCB0563,524087540221
XCG3806,905508436177
QFB5937,483398783862
HUD9363,452079610562
QHA9500,189783752636
VPA1810,270687297705
YLS6430,347976306663
XSG1923,534825895102
ZAZ9715,826238515370
ZRF3987,878132470346
MDJ2258,664180125799
BZY6616,062429192908
XSU3139,772383545311
ZBO2414,956626829178
OTQ2740,165306756335
CNC8596,393365610956
AME2115,870233131656
AOH0358,505257598238
ZIP8328,140198095414
LYS7745,065295583693
QVE5076,756554133248
UIB8202,599103639109
DTA9920,098943386236
BSW4588,928820762974
WZH0357,978113238615
FFT4599,059992221634
ARG8308,635315723245
ADF3722,871272315370
EOE8909,888802875201
GJA4978,963708490316
XUB0214,256153846762
UKD2453,738253983993
QCN7057,019380663596
BOV5595,979334466166
IVX1822,006709014282
GNX6399,124367617833
OWJ7811,116916787786
WPW4491,343066645770
BII1751,469122560994
YNR3336,376728010171
LHG6839,857358956096
EQS4433,151666354632
KOC4875,856619675450
PKL1540,905595007121
ALV4685,157435525261
MKC1772,297885274367
UXO3973,974744266973
VVZ8129,931169068298
IBH7601,552937356709
SIN7124,520379486700
PQG9958,965288203125
VOF6134,120496672740
OBF7077,579195458616
KMO6723,760389621879
AII0106,257030640733
GCD1670,115107594164
TWE6650,473926774750
QPX5478,608585577047
HTA4240,623304040378
QRE4320,314389681891
KEH8171,180018112933
YAD7470,532073287264
VHC5787,398054644649
BGZ4643,706227738739
QTS4006,446913679065
GJQ9898,405059902083
ZPA1384,290368999317
QNM9154,061252146584
EEM7557,697399616061
QVQ2607,555999337931
LDT9808,539382042123
PYD9011,036651060811
POY0886,088573394615
UEP6397,715336667238
UUN1232,507819449370
TDS3681,314682801025
KED5657,069830583174
QTS4784,450430863741
NBH4710,282434477496
DKT8663,456892510674
XNE5993,278226891810
MHY6974,728475164378
HVK9307,742132147721
ZZP8375,940742045340
AOV6319,624648579124
JTE1331,181094996431
VYV4238,045716886114
LFE7558,687178590350
CTA0002,001597443210
APO9697,448882148976
SCB8012,126202530837
PIJ4656,991162091144
NDD4486,703811823001
UOM9200,469822021460
KOJ0140,373288161937
WAJ7025,103237923910
YQG0345,771803915367
ASH0764,540015464068
LMX6550,028078375007
XQU1729,730462933716
OAS6803,918314968103
SJB1444,311532461442
ZXQ9153,759031601428
SJC3763,355982224695
YIQ7128,725220366763
OQS4403,844624237202
YSK9180,349967710392
DSX2753,714410301396
GJW4425,304215508659
DXB9163,160536127669
NKM8973,096708132404
FXS4156,818052874609
DSP1542,439958525448
JAT0042,044301812409
NEL9874,033210674735
JYS0785,960684174377
YFM7951,600239118001
HZJ2179,028868585817
JRR1653,570858650589
UPJ2160,401276220575
GHX5877,273448706817
VKM3805,555235930502
YIC9313,512957338620
LXX1106,715549919838
OGB6184,851903925944
RBV2473,128509427671
UVP7506,152174088808
KZT0328,166799716277
OGH8569,820989571816
ONV1541,307848377693
ZAM9031,399409857345
KKP5355,272752817063
ETX8185,501121798800
OVX9960,751470855681
TSQ6613,699117879522
ZNI2915,844445958855
GCD5168,775198547132
HDV2370,482150121355
BPK5547,912933430945
ETT9418,202962878758
ORW9308,602347871364
RWD0173,060107806094
IXG5857,897483912604
MHC5896,939261766505
WFH9323,148849999412
SXD8050,944616900869
SQH7083,796634906701
KFM8293,856682096822
XAC1248,730271830622
VRE4884,696310536044
ADC8350,997983556048
YJU8193,308957531515
PZQ9810,141516966456
OFI8713,013275342814
YTO7112,181946950301
AZQ2874,355753793435
NAD0954,218814145094
CIW7168,347932739237
DWW2850,456632911839
DFI8643,139527057141
YDQ5685,285296314620
ADV6455,346396936333
EBS6482,907555807488
KCR7822,312000960238
YSR9363,259840196982
WVR5313,648223893715
NRV2295,237476997447
YTF8081,126185029562
ITE0010,890454351582
OQW2998,689566582442
RKM1897,051689412315
SAJ0732,883741802471
ITS3301,357350810770
MFD3903,614119092095
QXV9547,616210333843
BVE1694,397664596987
FGL5997,388625999125
DUT3167,882130045111
RIY0811,702679366736
QHF0627,386325206212
DWN3111,354206429143
XAK6900,268813909751
OHX4432,238442459302
TSE4734,832815728535
VYD2134,365239573573
ITW8787,990328711117
WOZ5801,578947025433
CMD2961,353245316270
ITX7289,955672813136
JMJ1513,514554661715
TMF1853,027612963512
MGH5447,379216185354
QUD8431,966552649211
QLJ8672,584657150860
KMB5295,389499519681
BGP3364,362979128157
QIS2979,052610568164
RKJ2376,518857918166
KKJ0265,805332267659
YSU4496,431661915967
JFW5985,355780674607
BQS8541,218029911434
MKO8480,230414867661
TRZ6777,403830861148
PXJ1405,163411102814
MCU4933,946362419525
FYV8560,926752522629
BDU2260,724505680855
HDK9352,031318071093
RMX0492,142543466981
REP2129,394545678245
WTT2680,217668201232
END9893,253692076072
ADH8260,330021323362
PPM6454,650172077818
DXE6751,858006224220
MSE4355,961773245461
XBQ8620,085618117318
KPY0369,095947206180
YRO8085,103068527946
RST6679,402346256146
PTI7856,656020582789
BJA2076,224315888472
RJI2473,527779544436
BEI1064,312702153897
TBC4356,524308908669
ISV0050,079581057459
SUP1322,568421046629
AQZ3585,998138699401
POO3959,292126541986
TSR9535,939836678858
TWQ0060,078408659764
HTD1989,699739579638
LXF1616,105643561870
TUE7529,056244436196
EKT0534,719721848916
VAY9881,933346316245
JPX0493,030937582198
PGU6664,578552141171
SAA5948,295796194539
HPY1458,287744022011
RRG5570,589388174018
VDR4813,699125969245
RIT4011,449731050565
VMZ8149,133516677522
LSQ0761,961292166851
SVV2607,094696770656
MZB9984,283223781236
SYL5720,139219254597
NPA7797,249351104729
PID4083,006222339714
BFF2852,841683874050
YVT9270,779198751753
USF8468,237192536323
GLO7499,128131948700
IKB1624,282088980362
IIM6802,190222308192
PBJ0707,744194804539
UOV8842,115544887673
DVD7238,000920367445
YGV6958,292438023057
XPE9970,883590508916
OMY5463,207987785520
VVW9343,308561178491
XFW4070,392371092806
MPF0235,322497346858
SNZ1380,957730150844
MII3566,292138118113
GXC7102,779495009647
JOT7282,810014509578
HFP8193,488574898198
TBU8521,265022773093
XFH4903,257339889523
HYT1294,031490125257
JXH7357,862136755657
MIC2189,108173952647
KYM7952,530443496008
AEE7011,480026532643
JTP2702,126316142033
GNN3591,268121337157
OGD9259,573506198933
KSR0505,612985138009
ZNL0223,193281671405
BYB0542,409372016573
BQK6904,921083199120
WHQ5432,733378811531
ZWL1745,449105472087
DVQ2072,671757893510
NQG2379,387385370449
KPY9301,633026002245
HCU7055,641105951710
ZWU8700,043804369662
EXY4327,846394892503
EVW9106,866581527894
KKD2408,076627314378
TOB9374,457059441757
QZL9245,506671956747
ION9427,736794481952
AQC2168,903233773034
TRT5101,126093037558
TGT2215,990695634245
RZU2368,682331446659
ZYA9521,930243048942
IPB5380,826802862911
MKO1915,435878715482
URO7573,142929692582
XKT2495,129027763458
XBF7685,644287408244
GSQ8864,271687948127
VTA5447,757721855166
SNK2970,893756522188
BNO3570,723356106206
EGK4678,114336951401
CII1327,753391503054
MZQ4470,375477474567
TYV8902,120367424630
GWN2344,861245718076
QBU1250,029005057689
NKX0121,278145818309
SEA7130,848820490362
VYB4675,312348759736
DSX7335,851861350216
IPW7037,004837408596
CLQ6420,340206082278
XCL8304,814973050693
OTR3503,919536881837
YJJ8913,984973169570
MBS3129,934905754871
LUD8760,792911998639
XEG5176,950491379097
CYY5354,587025987313
CFW5122,467305534655
WPM2006,536836219455
XQJ1806,805534960497
KZL4265,796340720553
IUW0333,417589164122
GJH1269,203823254926
SBV0984,571673794253
HIH4784,018779578751
FSS9679,734035885717
WFU5423,107702300263
MMC4587,844136292140
ZUH0478,906867739841
XAN6203,355919033843
MYR5507,169132968549
PRV9299,678624534832
UNB6102,337882069527
WII4897,022746018289
CZY9530,598099957423
DNQ1108,526053174126
SFK6394,795193969515
PDJ6186,897454085788
LZO2367,328758678456
JMY4629,438981735257
GDR4538,156153428517
QKR0462,827229670411
AMH8094,616261865321
GKU7686,012047885998
IAE9914,228474939576
XLM0945,991890101503
XFC1918,514552745154
JAD2865,057288316615
XUZ1727,489116806704
KQX6285,980951234046
YFK7921,254693719523
CJZ5844,889852652625
XFB9943,735688502068
OZM4210,957189444402
RRX3305,012208318612
LHH4554,558068429424
JHM7234,106755072822
JMB1212,759146157368
MKO6499,684520218883
UGZ5621,156026037910
ZJW7044,382195214412
PRE2888,264701298146
JLR1987,425850266504
KSH3700,889670787098
MLY1004,918683114496
BRO4103,849183910302
GJS9832,839924608176
YFV6002,072691401303
YON2779,893008527293
RXF1893,420914739113
FTO0869,573131269600
YWW1163,110501071863
LQL6105,797391310716
CCF1389,630322784752
SJM4204,675349085067
WBW1375,843423008322
KPY7356,437740715899
CIX0450,745456677310
QZH7020,525828746529
PDG1038,236022883139
SCB8171,943371396725
TLX1638,531658447464
NZG4278,746985864519
UEG1793,407166932647
KWM8984,412401827231
HUF9536,165418056610
OUB9038,878474036890
YJV8474,629115409811
GYR5295,746675259626
PDT8069,424930091467
GJS4508,762555480383
JBI5047,750941274093
KZX4700,357441880696
BYA9087,814235639395
HLV6101,715718611243
XOJ0387,181420440773
SXW6404,946671482375
JOW2646,008345192932
GDH1720,642262863694
UYP9578,395780007615
VVH4307,304160199424
VTN0953,035480207284
GDA1522,966123385132
FRV5139,546385689504
RDP3339,017123233603
TCQ6312,232673420076
MFC9236,311665159653
QNP4303,683495339423
BIH4819,714051806314
FQG6730,505882545139
UQG1060,388431145413
WXI7594,893345405684
PNR0340,069178491715
EBH7962,483402463136
MJI7286,032819595242
TFG2710,410667934647
FFG8314,043397275173
UNZ6588,280336732785
VUR0511,712992978287
QLK8873,884188649125
MJF2682,343592322829
SVL5710,757301159346
WLI8473,238015834269
TXU1901,713109600946
MLG7847,692909901833
NSG7622,605464740225
CYN6134,454820194233
RDT3870,188769436605
OLD9691,164230755318
YJQ3396,482454053560
JJC1772,393184556002
IYZ7021,625913281079
YEZ0761,241603832093
YXK2519,256795821305
JHX4536,810846100609
ATF1957,189927212116
PXE8737,315189505745
GQY9246,823058428478
GRH1998,545417136294
EEM5610,472848520130
GPV8314,837971312762
AOP9196,075030247778
JUG3821,785449260922
VDJ1540,360411501420
UPT7513,448046597757
EGB2890,352731377155
VAK6598,217804787326
FBN2438,570471126558
SFE0052,834517581589
CFP3240,943425341998
YST3569,162841175290
YAE1790,195647146666
FYF8275,434503158017
KDM3476,363882715948
AGB8588,591301011123
YXM3880,270959861427
VHC4673,486190560820
IZT9120,697799598557
IEH0324,824621767455
JPX1722,394646210439
WLB7570,741029346780
QZH1080,390897950217
VAE4474,200107233385
LNC3144,148221729849
OSP0531,308026701680
BLL6417,120842865122
UKO8339,555116472336
LOG7963,744066520957
CNE5846,342033138400
KXO5778,797751542804
GIY7323,982088311254
WGJ1923,197274498509
NTO3599,777068185689
NDW4286,968209960500
YQI4787,584513397509
ROK7967,274515742533
NZM5289,345102740833
ZXE8015,913955323905
TLX5567,450435802217
FOR7639,247377627883
QMK0906,128078494683
PBZ0326,218804774911
CVH2418,492153017069
BSD6640,757447270714
FEG8584,993698982236
MFG0494,896495931328
NVP6017,868521429024
LSX2845,894359966557
ZYQ0948,567791660516
DDI1253,240182603931
BXY7949,318291798687
QOC5022,058008649962
SAF1614,954837753084
FDE6007,518215143530
UGW7581,783612239552
OJP7394,428313481611
BVE4210,856437957376
QJY8883,896448312657
KFJ8563,317729205187
SMO2325,240934642076
JCX6963,011033797365
QIS5054,258892435455
EMC6656,873124018825
ALU7434,905591481715
OEY1087,323097934151
NFM3979,785058540892
GEU1960,412217741789
NMY7524,698004937228
RGR6587,698965733779
WGV5699,985572598686
XCP3679,974598950180
SZW9467,632947188874
CBT9756,018241326760
LWI1543,913460527275
WZO7011,599996584309
GSN8423,055821926677
LIF7967,762873153144
GFZ9112,604844413854
XLX6015,480365677201
RME8956,249432044764
LPC8258,611204987075
OPO6420,356437763099
GHC5088,053641963200
KIE6595,633699502891
ETG9808,119156752600
XRA8546,137050124089
CQG7160,988969729521
POE1170,311852805091
MCT5643,359140726310
AOJ1397,486596126195
BBZ4365,220373842047
HMC7383,517248990254
MCS5173,585910240673
BMX7654,652793773988
LTF0902,203709830336
TYJ9633,723655366505
QIN8128,782745290554
AYZ3385,980906909696
FSO9988,074924813154
NBU3288,510341115081
NQV2601,649072785486
QBQ5810,239410113646
LEL9545,216479358738
GPW0135,857601536095
KUX6106,638389214800
GIK7064,695874909141
ROQ0282,377185013255
OXG4707,164124771028
WJF6942,990587771817
HHV0115,596978382026
CEC6029,839158777017
NFE6350,242826912677
HLZ0646,496773293648
ZST4664,245327553155
DLP3044,134401261691
PZU1089,045782194343
XVQ8463,497227759604
INJ6260,958759726822
PZA6783,240019854069
VFK9942,392622838125
NUD4893,496494615603
QPQ7100,673470526378
HCE0428,379721205467
OEU5825,604916623348
ZNI6326,882592631564
RUI8303,485266124041
DXY1369,651332541127
RKN8602,408596343755
HOK9982,033307463628
ROR8888,893295854828
BAD8229,892122669812
UAK2136,766179153000
THF8583,073009778410
VGO6148,587222531710
KTK9892,015259113249
MUJ5959,557731273598
JUZ6958,743518284499
WVD2924,039072633361
ARI5047,429634540871
GZA3523,542738811710
NDO9906,485462428336
DVO3373,706638338024
JHW7583,639652601821
XFP4054,872027153109
KOQ3538,045596097585
UFS8767,002760491077
CQC1701,735044340056
UWI3965,055202121145
EKU9714,765511132508
IJD4465,708572069969
MGH8916,188927911298
SNQ2571,180943591005
KQM3014,665100408741
XPF4573,803707823415
BCW1145,633344624724
XFE3415,635804658250
CJU1351,240458578949
HDM2365,413916697174
OZQ3239,163055652173
CEL0512,776312267434
HLB9759,185570592899
ZDW7826,589839735859
RIC8095,068434253794
JZH3490,817877648625
XET4470,390475347070
IVX8484,832206361127
PMX9876,270835515341
IRH1980,392761887221
UXM3224,718120782320
FZD9299,668050099353
XZM5180,641245765695
HCS0429,487001148505
FUE6978,674312189519
CFH7505,231638333964
ZYO7539,456825352403
QMH9584,305440588762
YSD9144,833312991043
FMF3392,231992624053
LYF3755,045811400421
PVX9247,669535978925
MQI0380,445950871656
ZXX7889,259827294756
ZKT9567,310899958563
KUJ3597,560967976459
EOR7342,706357309881
DEE6734,010978214460
GNY7180,935291307596
WHQ8480,194192487495
UVI1428,473114410797
BEO8182,112188082050
URR3758,187844338040
OEI0541,387471156163
DSK8648,838652416691
FDT7851,233204136364
ELR3833,483122354371
YSI7869,713374003174
VOJ1253,315021888386
QNB2947,115312830346
LFH2303,689483770317
BPE2651,009780772271
UUH4165,457340924721
VRF1657,850317707612
SAV9649,631062862034
JDN4820,490501625123
EWU3067,010588857212
KTC4769,364113359186
PPW0237,660511285392
UEY6470,237619138398
WKH5309,915849809976
WKE5527,598711121700
YFA2218,186786480422
WDJ6550,295358213765
ZCR1235,834411764497
WQR7004,313659282642
YDB1477,949964036085
OGT7257,727380510387
NZK0252,947924007768
IBJ7123,839322112510
OUU1662,200725075888
OSG2752,957209586532
CSJ2634,473430951443
FXN2250,179796033172
IZK3289,876828331967
ALD4216,418584277400
HVI9287,153958062271
UHD3183,223415456683
OFG4984,975299910240
NAS0214,606805915312
NUC0382,382213291484
VAL4718,192918018546
LTN2532,267705800814
HHT2736,542962584187
MKY8020,953689096034
ETQ4605,058296764109
HBJ0141,605135764809
MAV9004,211632561918
UML9164,262122157461
WKN7777,386786284894
OWX9179,840146967654
KTG0914,228833914191
ZZC3124,670254820661
YUS1393,914850178502
MJA1284,913130612347
REB9559,280291033083
FRN6463,552556773202
JYA5813,527688120754
OYN8182,684333898958
NFB3451,288146740098
BKZ0992,606346640847
AIE3266,844524332828
IDW1026,324125918518
LLO3727,360837540715
FQW4203,337000391682
LPW2681,221015499903
UDS6018,563227505430
ZRF2580,328716138149
YIX2549,880053590199
FWC4338,187539807429
CEQ3585,680709563031
KVQ6481,965925602790
CSF9197,315191847817
UVG4281,220395483938
WBW8884,411667005255
NVP4805,234839818917
NNU3175,147874373954
EGL9835,164701672413
TXY5907,819101854097
WIZ9684,577297412619
BPF0430,766671178461
YKW1504,108872636373
HHD5474,055359723509
ZAJ8937,022700518497
SPX9956,692001072752
CQU2262,748834425370
PWV1476,267113818512
OLJ3878,532110923656
NWO0974,308175669410
AGD9931,922507287580
OXO3803,094371720498
DAT3238,447489256394
XBZ1670,930652937661
XQH1204,943595997687
GHG9324,848285530116
WJE3010,012685647365
OTH3889,389224705041
ABJ1894,614389869836
YAP1648,278371906235
KLV8226,514036953986
BRL9626,382783693263
IYZ8812,728784209787
NPZ8955,112312292921
MUN2787,505844666536
WHU6485,164020912698
GZT3631,429680689320
CYS6362,937231269849
QXW1356,122753409795
LEC0838,111477122548
ZVQ7132,582997364640
LMD3621,458345588696
NRO9668,162954425027
ACM5438,819151001354
GBP4862,936630083526
HKT7820,310508562224
ADD8809,543392728518
AAD3062,628817106594
JXI2995,443634797037
REM0933,386352388854
PRM3473,732487666703
ERR0627,370546456275
KHO4756,687016778386
EXZ2277,697420007566
JHQ5752,796159548236
PHH0022,780521178466
CHW0315,588772368967
WKB3448,075755456353
FLK5776,246948499688
MMM4086,344785079411
BCW2037,773197666631
UIF6847,562681265505
TPS6462,973399238127
KZJ9850,831179038777
JXU6271,855010745371
BOL0390,721318374229
BXT8531,536047040751
DQQ2307,930146938240
ERF7857,336597789706
AHH1710,041530745111
XQY4372,010136298430
CUI1445,907668301121
EQN1079,727044889015
ULT7968,672359755683
RNW1381,998070159761
DPG8457,539427027306
YHG7937,004721263416
IVU1021,258706365215
LSQ7467,821604784403
KTD2651,828573234897
KCO3067,925377696104
SNJ2488,929190556449
WBN4336,216728118859
XSJ1132,760320192571
OUU9110,573128831776
GGS2547,703853149941
BID7300,603426171069
AFD7849,405279819276
HSW2388,180217101023
OAS9297,476860643162
PQR6346,102129416023
EXW7331,842057262985
QGI8236,941006006585
JOZ6200,667615799808
QTQ9215,640365945207
VEA7562,860184019104
JUM3003,198461913151
DAM4199,013236666633
OIQ0278,407253770004
DSK8012,013995817653
CXP0800,785004935030
ZRT4858,378644276090
GMA8085,131891502015
WAO1138,329915311783
SSX9096,664196609280
BZG2483,297947624250
AKR9720,582909274052
IXH9385,943633617936
GEU2653,157501951410
BFA0786,768672565241
PWM3401,173227817853
JON2161,890800424130
OQS5352,701082260549
HRH9754,691397802513
OML9241,627648363671
TUJ7687,989814967331
ULB0960,700868031577
ORH1047,534361594955
JWZ7430,420591161353
GZV1791,320608814153
BPN4770,271512166374
HQW3860,759194330413
YWC8115,641136691632
YJI1816,729791399433
CMA2472,853112481093
IRJ2077,437103807547
XVG5931,343468003301
HYW8840,221233525130
GDU6191,408222473631
JKJ8377,130378276888
QIP2925,253306378896
MEB4428,096183436462
ZSH1811,718496716355
TNJ3497,113032624332
TBQ8113,413935608180
LHD3368,446008459296
MMX4130,727338250198
GNS8098,950994978504
QZC3189,989910823073
RVN8605,254721804938
AQO8295,552975181293
UPU5691,444484132061
ZMN4638,113087094490
BXC2948,225562903633
DOV9705,143808914184
YNS4015,991341752382
ERO0405,131656954825
QYH4773,325562225254
FMY9579,169314095976
DMP6492,288451877780
JLK1604,361211865363
NTC9596,257130137214
LUZ6951,460697822635
OYD0607,620068595683
TPO4989,687820638382
NYV3281,626266872045
BDN9908,401428528562
SMK5818,473735869727
PBY4901,780110352660
UNR8585,027735552583
HCR7473,636739500305
PRC3951,375798803894
CXC0442,288836587516
IMS1811,540484681925
OOG7730,726438440531
XCI9585,180615034424
CMK8038,347741610275
HOB2412,122798731723
UPJ5062,599269533327
PMU3704,273739745643
VGY8632,994228581412
KWG5969,341859581565
BVX7462,448188303684
HEY2123,324742512815
IPQ2315,595860768977
IJJ3065,374460222223
VOA3406,010946566860
DLC7324,367929651645
KTJ5716,879660052531
BKR2635,880426143150
LXR3587,232609809968
VTL5570,988567275145
KQX1816,166621555014
STA7581,107670068839
VVB8141,397012568841
WRD4774,308552556669
XXR8987,576361184409
OHT1955,977284228250
LLF3973,859768096120
SCC6569,220960729411
VYV0660,137105236723
AJU0152,198084300849
VGF4372,706715439623
QIN7910,382004848096
OBR2427,081595322923
ANQ6709,507988873782
WTI8923,387621712379
NVY1246,369843905847
FNA7446,385323005603
WML0127,214209842325
KZK0991,768688428772
RBE5122,634276635459
TJN0178,555830985006
GIA1043,610916831849
HBV0163,263760452564
FCA0778,519734654581
LWI4537,891485987091
ESC3914,190823287133
VRP9138,189057393765
PVC8369,687980631406
OHD6879,548809460822
IHP1594,535061825259
QFE8676,489635244628
HOL9268,383769297870
IZI9147,071197410324
TPG1817,018276371332
TLL1719,348125260384
HCU0114,474680764164
WSR2894,472183540410
ITW9844,271462895667
PIN1020,952529449274
SMN8932,879413254497
YWR6769,435336018750
TJT9991,274413098246
IOY5940,181088389069
QEA1458,134919314392
FRH0498,068884524399
FQC5264,015777199181
HIP5734,579287668690
BRP9860,391592911937
KIH9448,127678459180
ZLW8922,267185299425
LYD3629,077949070418
JDV7376,796198791615
HJV5257,930744272224
THI9432,120966325686
HLN6991,978118928569
CPU6291,383956232508
KXI5585,483225932902
AMA7740,902232345855
BFW4555,469086504136
MBJ6080,707858027769
NQU2181,552633805620
HBI1779,446338200953
RNZ4921,732317373245
WSF1234,737775798161
EPJ8762,011450815309
PKL3777,286350685475
UAY4034,167355501470
ONL5984,636738122158
OXZ6472,978393912264
VJM7958,027660215339
KVK9269,618199321787
CNL0830,972099691611
LQJ0574,777387262332
MXG9091,019750521146
YKJ0426,565282030066
IGD0422,457681717908
FLC9189,004978850546
YUQ9139,081785747746
BYQ0656,786943120807
ENW2373,454806920047
JOY2963,575575837448
ASY9027,305168568535
SKN2152,675351697217
PNG3330,644847564414
HFP4490,937455216580
JRA6030,829214578166
WCL7233,122806739805
WQX2635,771832101571
LRH8330,415613052195
AIT9824,016588273463
NVQ0094,542079763681
KDD6301,487704844404
ITM8977,757983017430
WBM1368,079697282212
IEB2999,524486746940
ADD8410,881078220441
TQE5204,344491813998
HVI7448,048208808521
KKK2318,897252497655
ISY2152,952363218266
CMO5851,411321670975
MHX7088,494709482323
PNT1938,408641352508
IGA6052,272518760198
CWN5047,785066137827
HLS0717,118532966823
ULA2007,540560833420
JPT4604,164947184378
HNY9735,175181006274
IXO0537,797163700350
ESD9791,199611534083
HUQ1182,543946593643
SIP8919,659912488220
WAO4891,790103666547
DHK6537,505695488204
JRT1542,349712350524
ASK6722,386192324753
QDM7421,547432736464
MHJ9658,472756456310
KER0319,647878955353
DJB2066,271974245984
NBZ4892,542642473785
FCI4904,764070433394
ACQ3995,466830417286
PWZ4114,700733743676
NEG9830,304931076698
DRH2690,109234169218
AZP8056,562966954376
MOK0995,790196401738
ZNG7977,421110650252
UPF8118,824247893908
QVQ0771,572125972725
HAG4689,059621136564
LEX7993,676016325038
VZD7351,618798169385
PPH7252,388771270201
SNM8401,122523459089
WUB6164,820828362593
BLB0303,371689187902
ACK4329,567187187121
XGC8968,841071608947
QAF6116,247778247129
DFA3197,373735804461
XKD1358,560378474214
AZK5640,002533914774
AEV2425,463634430084
UEN1824,737703248711
UPN2769,995975044037
NSV9523,241705654754
QVS0417,876855346353
OSO3081,271981409452
VMI6921,591063364312
THQ8174,070996328303
SYN2157,742302542971
CDO7624,314037309352
JSW6051,231242566843
DJA5940,710579629779
VBX4692,281655287254
ZIA0019,618815487450
PEQ6533,174916233861
EJE9353,825181442363
NLT5564,665517661059
PMY1215,944001451726
IZX8093,808892195481
MMH7740,351395541739
HLD3480,150275998343
PLV9313,869127338116
MEE0825,226747063679
WLF0857,626783787028
HDV7236,011274416237
ZQA0735,705171500865
ZAQ7584,015489237957
NNE0995,171248181281
KRQ1596,158265887855
SFG2412,842775929607
BBO2305,785797078567
RHT0531,781601465475
NSU0580,127903603997
SZF3069,970618374432
CFB5976,596348409558
PRX4198,874374983229
IMX1825,485327795436
TOT6862,457777317124
BLZ3979,416021926682
ASO6227,664962381728
DQR2476,641748157775
AAP8822,227258565947
QBL4805,791837936215
YOH8929,319956974442
ECP1567,224898397588
ZZG6850,239724235214
HVX6315,767952957283
IVK7907,046966073924
GVP0100,370303016904
RCJ8017,752544043934
NJS7976,254417788683
NHB5518,355766311814
QTU0971,662012958311
QIQ0159,689921032166
RON9991,447956324366
UJK1757,881702391912
XBC2221,175149281414
AYL0413,945398573795
EMK2359,630733746145
ASA8574,698132403705
NAM5296,173760119510
ILE3604,997253988430
VRK2503,499306698831
GZU9598,610427206154
YOJ2575,648193571203
MFM0471,730316811239
PTV9990,812919148821
ZPA1393,423696321058
BZN4396,376106546568
GRP9416,074848888264
VQK1301,371348635264
SKJ8567,550448323967
FCD0583,625536318326
ZWZ7539,732541051011
JXX3470,170536714197
IOX4743,788180251661
NUE2457,488467557208
SQC6192,277117242461
YVH5222,799263832386
XSJ9257,558022925804
YQP0857,308855835671
HWJ0952,883753734174
GKV9900,676679513240
EYH3579,822571387357
OQX4955,342360680339
TCF9751,033410952613
KMQ8674,640073928459
ZNK9333,063267674883
IWA7086,404297270887
BTM9252,444310639135
WKJ7320,855384291827
OYJ0274,476737783300
BQG4573,831947997162
IFO4873,749169533487
FOB2726,748611092652
PGM4302,576457263395
QDY0933,229922996237
TPS2838,406795612411
ETT9028,216242622841
MHO0351,407833897398
HWB2762,506102239639
VDC3357,814455523040
UQL0656,225202767267
HLS9233,274168339692
EVZ6738,394231873399
COO9231,220788615824
ZJT6751,426515554759
LSM9778,907200897748
EPY9959,930203726074
SWE3957,777385679858
UYJ3749,258729413383
SQN9973,382132293352
BNZ5614,769436585273
KKJ2191,317112241720
FBN9379,104795152106
AYV4906,348618244835
VVB9015,912940799030
FZO0007,693704027864
ASF9998,644871273714
PLL7381,839750635401
GGM1551,537847697786
WJG7154,122496873130
ULS2141,011601683424
JMD0367,165388049839
PKB9985,806634758980
TMN6103,449412966979
YNB1077,050211476202
OFC6311,642313612308
RAU5477,494469460572
JNR9582,666954507508
QNI9011,017133485800
GGC8315,584863734455
HOT5703,167085134990
VYW4012,134214576222
LWY9845,005500057613
DXH3731,384918963855
YEM3223,692756672926
TCN1444,157373176146
SSW9372,216202176310
EXL5018,095190232391
QNY1551,687355262784
FMD8768,756186692482
YBB0168,496498152309
FHF6927,472899276349
DOV4535,994405881561
JWT9505,122204975625
SNT3127,511661817470
BKX4589,215010625416
KKW8009,215458550123
REF7795,030548817660
AAS7215,065883615970
MKP7038,447583078152
POA4816,104542578500
ODR0337,505585635431
UVQ0304,499000580647
NLV9797,305920467601
MUJ0921,139581073436
APT2459,804331110067
BSP8514,955890816635
NPI0448,256973981896
QHO4429,376492989941
EHO1258,751614469310
RGM3977,920591444563
LUA1801,113191716978
PBM5320,577685926382
EGE5583,277071616930
SEP2960,010706261405
PKN9022,950174109044
ALQ5366,858879953965
ODM8584,534140181265
PDU7991,278077236824
SAC8821,412528866812
YFD7536,893274185964
HJD7243,920892658124
BHG6772,141172391762
ALT2097,911654624881
QCS8354,651348403561
FGT8222,621122990071
PCQ3735,243719601348
YIR7518,621883912277
IWE4740,352705514331
BLK3761,646621624341
ITC0891,044373381348
FQL4649,284081386322
FPN1094,116453664729
NJP6498,535628082942
PBE4543,898570154554
ENS2232,924285301554
GKX8780,587029944565
LEB8289,593855710409
EOJ4412,603056360116
OWI3577,533849536000
VVG0945,513136386115
LPN9837,355057479994
NIH2327,312894806983
AXZ0899,181529434834
VAG6988,752383786720
CYT2296,845160591247
VGF7973,737987379089
ERM2635,188743560702
MWK1178,521182111611
VRO2347,265785052725
IQV1670,601718740468
BCI1877,354575476905
NLQ6356,492007179033
OUW0554,786059254009
GPY4942,475794518356
LKP3048,304220011812
BPQ2872,145278730194
JCY7693,078451164927
JFN6913,694822196906
SOT2453,788017599341
TVG0425,438960932055
ZFQ9956,475940276323
ZJG5113,836602178022
JNE3837,080846520385
LJF9473,033281306087
IHV9606,073523478156
ETP8064,062847190791
RHK0036,550910022112
DMM7381,111181925180
BOK7954,332426990769
QKD8799,562020169985
RWI4233,607886943445
FZA3311,743829361282
NFB0369,492636301445
DCF6797,492343643703
VAJ5671,484310525518
USX5064,114164293636
ING2741,850726536422
KKD6519,883622825499
YFM8073,446588399703
CRI2782,910693224060
YJO0251,054657759721
CXJ3966,744284097674
NJC5358,384789919072
DNI8159,459038797957
DXX2121,889214917067
BPF9484,960918051500
QSZ0569,104511857305
EVD3154,419677280103
JEX1419,048274150140
MOJ3203,193235962400
MNS8627,225667490102
HBV4771,681256891586
YZM2902,473899872197
GRQ6579,202706521475
XJY4041,663388530360
QOX0605,432877032263
USD6619,567185022244
KPX8656,476865214610
OKD2666,041285220130
BKE8417,354091436257
YOH4143,938951296102
KAA9989,211249828722
DIK4807,935183632049
YXX2777,069156315408
CKL3605,244896820068
WHT8887,521952779208
POL8586,372457690509
KEC9212,036505428233
VSL2584,679446503243
TMB9219,738885277548
BEV0322,712302186536
JAT2745,489805267284
EZX5924,949205850502
LSR4508,388372795112
SFV3441,019646644929
BCI5892,575163682881
MWI7719,492870850973
QSY6899,879112945756
HDZ7544,916587842327
BVQ1111,964566962517
NXI9953,150123532847
ZJB2594,283002578165
LVF2952,391520945092
HUJ3040,355952395802
FKO8809,498634093195
QSZ4764,126010604108
ZWR0888,409177817785
RLO5252,704124648296
YFA6609,080733374428
BIB8368,823252812892
GZK4627,930407966889
PWL0871,198546084179
QES2940,233036102796
CJI1140,648394654073
KHQ2686,388892667247
IZD4147,728588201501
VGC8565,811810022663
WLU7628,721556065560
BAW2419,467916203554
DWX4388,688549699615
JIA2937,790766818570
DRO5603,649670708588
MCU4186,761195951153
JOB7543,106296229385
PEX7387,537258232611
THM9214,638730729177
TAM8981,338614528798
LOQ9767,925299072005
IPL4925,847658193017
UOJ8875,584233628782
XDH8275,905636376994
ODS7592,609172417816
LZI7382,431499904831
XTN1415,325784348655
WRN1270,578670109496
OCZ0409,438372478074
JSH9884,210213937754
CEF6717,246659075197
YRG8557,676852912128
MJB2513,607966955474
PAM7035,777813314657
FFL9765,195900997464
JJQ7424,144219283290
QRV0065,424545138801
OPK6819,056381637530
CRK9996,734528146578
IKX1809,854375878198
CGM0574,342248294584
HNR7629,237059007981
NOG6461,174702754311
ARR2557,404473025735
SCL8193,469898377706
BOJ8804,679907290621
MCQ6474,126606106092
WQI8083,757698660169
OJI5823,842682218382
OZU9962,501371198342
LOT1241,283601134535
BLM5454,614903756287
GWK5352,897137636105
FAB9123,259608132686
IEV8924,930377565317
BAF9836,113222174691
FDJ5832,711412189642
GMK9114,877478102274
UDZ1628,593771311942
YWO8800,521812444942
MBF8276,679295841864
WJU6750,565799955997
GNW1326,487203529083
MMJ7614,499199295498
ZMJ7108,823561593376
ULG3966,893719260694
NIF6957,103669925738
JIC8111,535682391942
XBF1636,388669313347
EVE4645,088168478819
FQH9570,932316550370
MRZ0122,079071608866
PIG3604,436447621385
ZGV2946,032687455603
YBV1721,342206014968
XEN5470,429228157963
UKL4974,571996108313
ZBC5983,179875475524
FEU7891,151106496817
SMK6464,024119544141
OTP3585,644153141410
XRU4869,741032723477
TBZ1033,338704670018
RAJ1075,910992037474
STA9512,156623013332
JVK4107,898518224383
EUS8566,207766120929
EOO7972,523649180238
GCI8000,011338258616
GVY1638,513630085189
JXE3648,015582542963
XHZ1598,065769920690
VKN6406,650204075329
YRT8276,819854924932
PYA0973,721150622890
TRS9513,991728998744
GTP8149,885421576206
CEG1887,668666637651
IWG3653,276174989147
VCH9591,867406057144
KFO8479,771761817468
OZH9532,389389643294
QDM4892,107072112299
XAV8821,788407822378
ZXE7182,273473232705
DPF3782,875250253155
UXS4303,826350311022
UYV3262,921374768606
TAF9896,588047382346
HQM8451,335664071686
INS2707,738978680981
DZD6579,455262396064
ASJ4454,862419574762
EZG0348,007258808833
JUE7318,564084473345
XZY3199,543458851026
IGY7198,796756431467
DYW5668,866600345998
NKR3242,695428997660
UFQ6450,539817775163
JOA0088,351756146688
IAO7496,455458715064
MFP8018,514849761814
KHP0897,625029582248
LNN0337,830179390761
EXI1603,486047761318
XFC3447,735851318317
QUO2364,383338411016
WSR9987,775639036670
HZV2794,395085735423
FDF5260,102622031488
QXU7313,972756329000
IQU3349,106546481230
JME5825,713323014785
SFZ6078,997803907853
OMK6120,965459035751
TZY9866,873561725219
QJH3339,796454948548
BTT1450,830048718299
MOJ1344,662723299027
TEI7178,547879354481
HUF2903,325709477397
RQO9159,642907732327
RCP4308,177594759254
ZVE7143,087731187075
JDQ8495,947510187116
EPA7839,351077225921
LYC3720,245362648187
QNE4746,349092194178
KQE4257,820725847965
UQZ3978,795307055143
OUT5205,639756840666
PBM6704,110593100201
DXF2852,311053495248
DUP0032,185613086464
RWE7786,007058227360
WSK8058,050212629634
MZP5813,966298083931
QQP6975,889421897415
RGF7158,568785449551
HJY7543,142775634848
XSW7406,844424440592
JWM3658,176777169093
JMV5120,227167809143
KHX7456,665875601877
ARF7435,421816187717
HRQ0529,246774018395
QXZ0790,733272134103
MAZ2123,801065871241
KWS1043,016215807596
GLG2631,480443030253
PJP1574,603438004957
NLC7572,373702771892
NPD6129,167680709412
UPV9980,099480487337
XXI1997,915984341121
LRD1372,317704502398
YTE4185,679291494727
FQG1846,051643990973
FXQ9157,424333076669
XWW6363,297073822543
NUF2246,595601122182
IPO9418,570329160641
DMW8957,701963651046
WDI1213,484965814192
ULD6044,165786070971
NUJ7470,407729959319
IUF2036,626325768027
MSW8769,728599468468
SPI5619,631793852016
BAL1372,235616490413
DEN5390,714471139176
JFJ0552,143055759904
XFJ4115,027248652623
DQV1774,536962505778
WRG7003,522690412765
EGA9859,751117384882
OTK3794,931968979539
HLS2449,037891926413
GQI8685,697901218988
XVQ0295,539364861342
CLB1876,542319296331
ZHK6818,990254858952
PPU2987,620332227890
PPR8640,298134179305
ZLQ4170,839349973464
OFD8937,256578234466
VXF1630,138942513868
TGN7116,314161041397
AMS6710,805972513768
SAY6793,837917758869
WSQ3742,175241299962
QZT1245,207898702496
GAN8611,120911551646
SUM6166,273996695508
XFX0939,709047632335
KLS9609,654593753100
JFW7575,438217290052
OMM0209,634029523952
JIR0784,147520522023
JVR6800,228606738115
LVD2550,727904562421
NTQ3481,358463517832
VRP0685,612769715856
SOJ3494,517013451922
KHI2098,156631208877
LHK5066,740097251090
GTK9897,658564427346
IOE0041,500432059590
OWN5335,828641921973
KMZ4915,625080469278
YPI9880,947337702918
MZB2914,865926478823
XVP5352,685414972034
AUF3530,426499926681
JRE2999,082035164225
WBV4521,331351881158
FCN2062,902452681880
EHU5112,109015666680
WDK2174,261319795564
SEB3804,341732167114
TIT5714,563625278997
UNA0022,830419689514
KXY3808,277111200046
OBL5734,667178227545
HNH3502,885992307698
QCG2509,293118173773
IAJ7650,685084372184
JJO7261,111278311826
DAU2083,828249543876
ICI5923,400560607928
VYN2363,079735613155
IFG0261,352008276776
LYZ1702,022249658621
FLV9283,513645328660
HTY7932,364382740039
EUN6001,367477933718
PLL9861,045968999866
CHA7101,428288512926
LPZ6411,439840921808
QGU0690,599338191254
EMI9089,804829715831
AMN1077,360201138669
UZX4542,012118758517
SUH6743,730214865505
KNF4663,890273488759
SZR5893,586564646734
MJB6664,172452505185
JLS1918,997119193542
DPJ3646,413402927181
IYN0434,194362793762
PCF3639,323270597918
IBA0767,879749336327
UXN4773,710889772205
FXH0115,100469688475
ZJR2266,510340310257
JMV3490,411847373460
ZMB3818,447417902253
ZMQ0121,109568856584
TZW8074,646527832103
GWG2964,483050463592
MFH6953,824457460081
PAC7464,689162514146
FQI1386,039464931191
KCT4214,795901457148
IJS9070,459334595442
CDO0130,743167140272
ITL5566,178123452278
ZQB7284,034586782635
HXO8696,014258857569
YDO3050,426366533536
KHC5889,205578726148
URL6521,238746069728
EZL5576,165896228136
WUZ7757,965794342701
CDS3789,202394964444
DIN2800,474962128143
QPN6883,941075978329
PKJ3036,624788961722
NOY7672,755488390565
BQP0342,681309958856
HMY7122,092634231502
GSM7231,808630983334
SDR3561,414763111813
CIM0568,892131214017
AWN0615,507178427592
DSC5856,155161947450
PXP2758,754024666867
JIG6988,787050543164
FJB8331,940013004293
WHP9175,644597950521
YUI4805,290989922825
HAG7492,599648738709
DAZ7270,608580896145
MII5136,096375300894
FZS8767,582841477886
LSC9040,098348765851
XQX6717,249461852300
TTL1953,249406377872
GEY1840,433864579043
SKU8257,341899664812
VWF1902,702367495225
RSX3258,554716380396
EEW5689,215672116694
AIC7092,695243437908
XMK1037,351211884774
IBD5875,090519266116
TYV1639,670069583145
VUG4125,687219462435
TMD8105,080282471965
KQA9206,746278347079
CTW6378,502673362663
YMP7400,118019744624
ZLC3653,964857605882
QCE9363,420047988162
RBI1508,275343894490
BOI0954,049701642292
XXX0612,861372267020
FOT2378,265748888006
VCR4365,720134570700
RZS9506,230694494064
DAC7535,643520401134
TUL8597,642011746330
WAN4462,987054173921
YCL4979,305841787148
XVD2077,312752639978
LTF1990,052085830342
MAL2939,024929356319
WOY2132,723524449211
BLN6923,639731180958
WHV1678,048897771069
QIB6341,037628019065
URF4694,820416936955
EZV2963,703494220792
KDN3322,317940363380
JOI2673,700958462841
WGL1708,034072288717
UNT1994,268366954349
UYI8907,414299199004
ZJX8376,013651034020
LXW9806,691872677688
IET4621,345197584112
JQQ1041,645143649372
LOF5362,744452812287
LTK6506,071810940679
OVS2246,171476185591
VUM4483,209469345109
OIH8626,563185245303
RJG9877,778830364068
DJW8343,706004957688
SID4269,395804598892
BDE0184,236340850606
LAF7999,739387297441
SIV7851,570328703301
DRL6063,033232452786
NPY1397,208696941858
UWT2349,328531628363
UUJ7344,217024544071
QGL7351,295399700590
UBQ4308,890576212665
FQH0525,628478897224
KGE9330,974265049308
LTB3748,071213709965
EJE8988,023875483259
IBR6269,228659802881
LXI5999,808563953157
PRX8508,033611225351
WOB3588,667527066570
MSI1299,962500956909
VDC6500,135841754556
AFP6744,804214979202
TNI3403,564714857344
TYT1533,726811308110
QMA9959,789003656875
EML3751,660654515607
RFJ7608,680005871266
LKN5446,022852202399
MQE6914,662870630401
VLI7745,076506501037
NIH8302,160417807373
HUX4032,654078759591
QDQ9212,264694331376
IFI0129,608642273113
PLL5803,316384046041
FKX0092,493853428356
VRC7117,211645617995
TIX8792,099609529081
SWW3346,817783980473
YAU9882,161454340126
LDE3929,657827012045
JZN3614,543620454320
SCC8863,600401417275
NEE0926,020165941395
IBO5896,666600356566
BZS1449,094452369678
LMX5976,709680583224
CTF5220,031891802633
XAV4373,042646411840
YPO3078,252531713823
XRR2868,948613014497
SCP3150,179034254239
RFS9090,838119878459
ZIX2170,221139118590
XQJ1881,850283212018
SEN0112,920316637768
SXO8737,095425422747
JIM3380,051094017863
FVV9585,153543275687
ENS1313,966514985056
YBL2439,585973985406
VFT2251,416079799899
CYJ1708,216402167646
AYZ2981,758568974897
VLQ0874,650905795427
EFO5172,135843026757
JFN2424,724636946916
XUS0848,755410195744
ZMQ1102,530966602364
FYQ4892,555589368193
UCL1696,486465651066
LJA4766,443281729183
KED1218,489045957743
KZD4034,193987453642
AXF9338,673256830360
YWF5933,292210047304
RDH0714,237187368673
DSM2937,721878253680
HVB2598,841467357936
RNC9509,441604093849
GIA2991,404522665560
ZTL5911,440268826739
CSZ4188,777470459549
UHG8558,131185169577
DCO1920,632470375760
MLX1972,892364176831
UUA2377,513122008803
DQJ8907,957550095332
PYA5031,089156590634
AQM2341,370344814983
ZZG2510,533599840013
GIM8683,780665990815
GSI3884,899115423645
EAQ2633,320486943748
NZG9767,046254009975
CDL7974,615792938156
NPX7113,361853188083
VQM5404,788648511182
UOS3461,802260959892
SGL2214,920731448483
NGP2032,240527087114
MBN1082,042875625732
GAK2898,675806624336
EZT8459,904699604954
QEI7928,987905936753
PES5032,990436618308
YGC8809,191568652665
JLC5071,052618037686
NMU6136,905806067013
AQP4298,204225650532
FJN4083,037554995332
VSY1069,225160288397
ENN1292,633439221348
ODW2505,727809358447
FAC6561,658543579546
YIE0735,134750311549
EHI8871,830386728768
YJW3195,666527088991
TOH5457,136827649630
VPF9188,910907664663
DFJ3015,420566438123
FIZ1962,090705135804
OJN1252,670602707560
UNO5395,377153767359
VFS8139,525133104745
EQK5274,557609592869
EQY5304,235372973271
SIR5784,450157869761
JBX4994,689438774140
JBF7177,944573752262
TVD1230,388582355895
TYC7182,233792614090
NVD0258,179340546357
BAD5290,904119785180
EYQ4940,367203751983
NCT7664,830586931105
RUY1705,155773177571
QZY9870,569352344105
OHW5589,696238170029
WFH8781,010510572713
GNA8868,059435279410
WUE2262,333449727364
IRR3265,331268750096
CFR2041,571595417595
CQT4389,660959000515
SKV6822,061946375062
KDO8874,816530153636
LDI2500,528349745628
CGE5499,917415005193
TNY5919,031179678678
JDU2137,820150341908
ERM3807,358649832271
ZKD2971,598831152331
SCI1520,006945729417
RJM4919,802988336006
QMD6506,734233256188
XRO6719,342816498807
IBF0385,788141157272
KIM2551,735535625694
TTL0638,284141662310
HII5307,825690685028
JPZ0755,306230466268
FJH7796,716193461700
DRN9741,162247675097
DKF3777,688380388917
DUN5792,261253926009
YVP0935,433563970183
PUO6485,131130277795
FUG2637,418944632795
WRQ1844,142380676593
EQR9040,826245807431
CCS9721,053710911072
XKA4296,472519281109
VNI4658,019737584720
FUY8445,606380556358
DQY2042,560725429794
WYO2566,899510415023
ZAY6705,938558641917
MHK6305,041409855803
YMJ0441,356365936082
LHY5106,219041061132
XCN4347,793599147074
QQA3318,626876323370
DLR3893,034717887064
OSN0379,741504699444
YWV9447,715315106667
SNF2772,057686182618
TRF2304,307914193258
IWW5527,210639748610
VMW7329,262567523853
KYE9738,818749457230
SMF8114,289448810592
KEZ6180,302905806188
KOO6304,511651768047
HJO5450,819445479525
QMK5414,354917057056
HSF4419,694680962706
RVO9146,735013624455
IJC7832,159262973027
LIV9260,223487155408
NLJ7136,804594685712
VSG3030,997071808565
NHJ7202,636213262719
ZBF7165,475647542677
HLY8245,258616043620
GCD3108,519649572820
NKX9265,716922551756
RBU8909,037854020016
OON9501,289947177608
MDA6307,823321065452
WFY4335,753185458664
AMU0744,269253233103
RJO2655,123693469721
RXC7679,770679218222
XVY0119,520572323545
ISM8712,210145005702
VPP2752,767381681224
KQD6436,086399809937
JNG5226,688036032285
QNI6953,396639763610
IHX0589,839604393108
YLV3078,727896999314
IPO6019,609765409508
KLS1559,240778299353
QAO5151,841460975809
DIV0550,415250416812
HCQ9152,211411883595
KNI3044,659235367061
ETM4554,242396258878
VEA8059,607682458060
HAE3458,380934111471
UVT9497,017718045838
NRB9344,122974602896
GBY5783,313848245602
YBM8217,052353384788
KHN0311,726919525237
CFN5394,849739666216
AEX0067,297926393366
KAC0277,521100904764
VOG4781,014048753062
MCU4531,695074005156
VRT8553,938501732226
EKZ0786,937312139301
XHV2123,819114538267
NXA6841,879275796393
QJG1924,877805868107
OKK8742,652474076188
OPO9559,508487500698
ARY6140,623366030055
XEK6418,573656632267
LZZ1175,473689977580
PJP8118,699761772202
UZR2127,666933242113
KPB2707,969813578672
QAG3438,946415863672
GGF1915,121664598898
BCS1681,767721466257
LVE4912,625408426535
KUX7111,780154507829
SUW4421,007650888291
ZLI6554,178912817558
FPI0640,655245770243
WVI4030,792641490519
AFO5350,827489837855
IZG8669,469299832086
BSI2670,302467670676
AOK9197,774621418671
SQC1050,678612048393
WZO7092,282822516253
AOL2145,252964472777
FKR4740,352367563957
WIM4393,550122630552
ERO1681,937179218376
HDP7745,426104187233
MCF4100,301655679684
LLR9167,900168346650
OOG9277,361062952327
PHO3584,486903038652
JKW3352,959385019059
GNP6118,285081411824
YUR3957,580328943999
VIM3156,038654074230
AZE0332,708357532470
BVT7563,950704464597
YKL1927,123235319213
SLJ6629,744316858090
XJX8755,209689025321
TQF7193,481751746068
NVN5379,078252808731
FMZ9874,948212779066
XUA4446,070251514155
JKV6792,669932920957
DPG5187,209069650031
ENR8276,913718309191
CZL5753,966424706848
ONU0146,673500765690
VTP9457,087325445680
LCQ4864,311816283545
WMR5729,523686201961
BKU3427,247971132540
MRA6716,256907577240
MLJ5790,251860901505
VAU8028,091338412808
QEJ4037,404816722681
JSN6010,685110588947
VWZ1513,920758026651
NHZ7217,821354025341
MZT1006,607438819582
IOQ9712,270033092299
CAQ2166,486043528905
VST7270,984058595100
CWK2139,793825079282
URU2818,695336451469
KTZ3513,300932006519
IOW3967,957879434022
OUP4136,588502103657
SYR3103,627233713793
FMI4616,663161700736
MMP5273,596719154198
QUG0749,941606766419
KLE9989,030273893565
YCW0347,056564198645
EFB3770,601761896750
BJX4905,029703705076
HGR9330,676054677734
WBB7845,598322938142
RTV0223,606458885832
PLZ5389,280285334044
KLH7234,765926556899
AYQ1989,907406353592
BRH5815,069435610470
WIH4530,480460834365
NAH7543,831370562898
EFM4085,992731324538
UJE4256,723666143946
XTS0031,325856995860
YBT6058,799933319069
JLR6320,988753758744
PUS1541,761318486631
WFK7794,936501939085
LDG4714,024262765883
KUU1747,250421295329
FCA3777,034819295775
JQQ5961,003492435463
RHT3974,481468165964
BRO7090,229501695627
XSQ8158,028530814151
QYR8780,095783438321
NHU4433,998743022294
BVS5176,124376745403
LCO0457,342400366944
FRM3354,178129976339
TQQ6760,381234065741
DXL2950,743774747572
FDC7452,485805489961
BJL7785,810535422282
BRR3506,090545831075
VMX1876,369322150540
MJW6674,371256155219
EJD2529,963284135104
BVB1208,624157115449
AXH7426,489184287154
JRC0904,817751060074
CZJ2674,387055657670
NPJ4094,273361928851
VWX5930,376168285814
ZVD6560,869596829645
CGS3638,781179894480
FKA8255,205361799879
DXS5836,112593790801
YWC7539,594598549982
UOO2794,957646807456
RNI1388,877717954149
TCJ2899,876984169419
KGF4826,915081843789
GPX9125,404129690382
HOT9225,248103686243
QUT6499,703110387789
KTU0891,123002209636
CKJ0806,345909712809
BTW1011,809576692180
ROS1893,118337768875
LKW8957,122708648269
FTL7854,218021186340
TAG9514,296449937100
YUI6412,492603621313
MJX8182,473537434322
YKG3942,058232075736
HKT6940,586344109611
QOE4130,180001267699
IAO9332,206898781958
CBW4949,686899900023
YIT5224,160712707242
TOG2676,200787082415
AOC9913,322154490997
RLI7859,204361276143
DAM2427,513764013993
KKU3813,780139589122
ULM6611,621170839390
XCQ8220,667444687113
OVI2229,763625867903
DNR1293,412416446452
OYO4980,463717054273
FKF5042,008245949798
DGV9210,041781153703
QLK5902,009262361506
CVI1941,177256589447
YSW0185,562418286918
HNV5797,889221432578
VGP7250,756887016409
RXZ3260,946739540900
RZG3679,645022830780
VPL5191,139950146532
XWW9481,688776942234
ETU6348,628911677172
ZUS5706,891723121434
CQQ1175,649296514243
YUT2062,904140117061
ZXI9843,259743948031
NGG8943,747835278876
DZT6403,176874752993
VOJ2191,089796787301
TBV3686,906024291353
NMG9545,495261892817
QTD1067,573282772219
DCS7929,802022634308
NSN1109,807700531857
VLG5429,828724669015
EAP9261,350196728791
ZCG6015,812804572380
TNI4357,048624618703
MGI4020,720544191139
HGG6963,499372499305
RMQ7193,080786808232
ISF9330,053131297005
RJW1834,132603231942
LRN9259,362337144573
GUE1849,845650975365
WLZ8574,855377964372
JLC5154,056749760229
PIP8944,632172273009
DHS6705,801745318073
RBT7355,810459707876
COU2093,664438262370
GOW5832,092913260687
LLO3610,380802923653
BNI4723,433750042555
XIX7196,233151640201
WXB9435,793328612864
NTV8242,643791976659
JSU4203,181237746884
BPI8504,822504081028
PAF9866,957613294666
RNX0242,736303013462
OUS5712,784789642717
NWP7260,464818232232
RQC3455,022719683064
BTL6248,719616381258
PZC1059,421139980574
WST7100,728162658495
LDR8742,113366623831
CPE0004,963021018859
ANB3082,887584447505
RBY2485,553789884687
ZQQ6378,233943104199
QRA2291,344825435391
VCY8338,035988647787
XSF4619,731934616973
ZYO1016,128975780071
HJW6236,766290530838
XPP5639,120803299794
QXQ7989,100572528225
FNA2543,092394807684
ZAC5964,742118380896
WRZ7107,945703180296
GKO7979,811789841293
OZS9006,993720397487
ILB6924,832975136460
RVL4575,691067126600
TQA2904,242775346815
CQM5473,471619593983
WND6119,589563856384
DPY4703,384779446841
NIG2203,037832986658
KAV8776,715908376075
BED4972,608940196825
ZOK5698,119197159431
WMM5877,280470949797
OSR1863,651888420934
GTA7876,238409774758
LHM7936,274362353879
DBN3554,633130339955
WFK3385,390320926481
AZG2402,989218054875
JEM3037,684499938837
AFF3433,811954571668
SQJ7909,188898912218
XBT6697,882103379015
CIL7520,672380377558
TUY7016,267253578168
IHT5125,055217124988
QVQ3323,235211444536
YYO4419,537238615802
BYW5055,005203805353
ZAQ5752,515828130729
XCI9585,610635514448
GLX0988,365688377537
BHA6896,689743092883
KIG1932,392450268577
CDO9136,036235596468
ZTF6134,759270356332
BZI3400,573993742710
DBP7918,892895970270
AEA0322,308754641458
JLM6780,850057673420
KNN2235,859109141463
CLN5835,919529820129
EPC5407,602103831882
HVA3259,254569091153
KZJ9825,822755577092
RHQ8246,564688897386
GUE6452,444420415575
EXV1402,393686789392
ZYB5755,700331874433
XHA1085,978072104198
FZS9440,645294259436
ISW0995,659211692766
OUI2292,723430465775
ROF1198,045657717405
BBA9293,066982122414
CXR2435,740213704904
AUY4972,016529598452
WKO3593,446837309136
YTB7111,951200176860
WMU9943,555250039163
URU6085,664683480284
JLW3268,713643867891
KDQ5754,028778576894
NTZ9586,909602593437
TLR3443,477559404325
HYT6432,908275051025
WWB8988,389574239476
ZLC1388,821924251998
HTA9177,463916205176
XZQ3541,265119723372
YPI6446,627173838826
QRP6976,536201623082
HJF0895,462084510469
CVH7711,819881087589
FNB9129,223893087249
YIJ5142,385788232794
RTS7919,021586556865
BKN8350,475467574337
OJQ5887,524566994955
VUO6657,406331675397
KEJ3494,667168216839
HDQ2655,073546997067
VPG5771,161934536062
DAB1948,692029901719
GIB4885,912420148478
DZF7078,531399736881
BPV7205,005501682085
CPD2814,851399995289
VPZ9623,242406214173
MVN2848,543864009812
DLX4769,425606711747
DZX9625,764141809074
WEI3068,799816736835
VPR3058,157159068826
RGR2353,929230278227
YKI2224,176352337203
JHF0843,946428048456
TFY0704,472819862117
SXD1057,197486969368
OGU1193,200491236926
DXT2535,962509854682
OSG3445,796516771104
ULF4539,066679497136
BKH6878,092713198092
JCK2166,479944178882
CYH1484,944156846542
SND7545,720977594282
GCN0113,969543364559
LSM5876,299440783804
LBE7488,474537077642
JEW8115,816703794768
OUA0278,318806639065
IOQ0332,264004451437
ITV1791,301724458761
AAM0283,824335176420
VPA8240,309383025994
TSB9082,536705180334
QOI4891,366432121200
YQQ0210,819823582180
WET7130,809955496307
BKH9995,707051006897
MWY2168,899365363494
VNV5705,329049135605
MIE5160,443351149630
XRT1483,826268356381
WEY9638,113360392351
TCA3145,568103062019
MNI8866,409949566130
WGF0119,933525754699
PFX8301,524372731840
WDF6143,169073612010
IDE4485,858242377636
GPN6868,673201849857
OFQ1554,362741517605
CMG8855,411806808448
BPK3829,508235369987
CLW1996,985661364680
QBE0744,695714076259
LYT3684,894955717857
ZUD6276,496109509274
QNF0018,911513550751
GDD0530,956527001939
PAC6765,854528543721
ZRW7381,954923179041
QTE5952,189006642159
BAB8852,032468838006
BZJ4021,191577690340
GWU1538,393821163353
MPP7803,342753323127
HPF7713,671931199793
CWK6625,479549452813
MFI6816,603937769882
WZI3091,795058759142
PYF6570,085814080856
AZB0964,648055282456
IIL0947,455340034176
NHJ9049,862438850745
XDG4895,611847791553
DIF9933,004723520795
XXL7151,834529563067
BNQ2277,797549148166
CEE6951,901259617622
PXT2190,170993185752
GJS2377,962397474758
OQD4734,753481208653
TWK6207,648350494642
UOQ1485,249717631775
FPT6214,663628373406
IUQ9643,576530909505
TBI2259,612184628338
URX3533,799865403600
RTP2380,950851440282
IRK1190,234070109786
IRO0969,734379418047
ICR6422,766723687675
YNZ5395,571715396388
KKG9264,304160424841
ZXU5553,553788816465
IKR2323,471929740930
WAV7130,132336298036
IJR8515,356626209475
PON8060,630237618233
CWL5772,463944429532
WYP7171,569512129624
GNU9499,368023268989
OZK5477,706756308092
HAZ7542,752490990501
YNW3953,155224794109
JZE7136,790246310500
KAZ7000,145840459553
UBH7841,493970212976
FRM2900,317016736444
SDR3634,813742134401
WXG1765,528992185390
RXH5738,446874674109
XWP8489,318817148167
VKN3357,090663484498
NDN7972,107630747651
TWW0041,032029256308
AYD7456,196988915543
UIX4938,741259104611
WIE6173,253494258737
ZPT3521,986722060343
FSG2328,807407208344
TRJ0243,345094415773
EEB4508,094561015260
JKF2875,845072095990
BEI2910,407676453729
AJR6304,551826065290
BEU6922,008526627405
XWT2602,992483926217
OAX8493,350277418602
EPD6993,411892384107
MJA3679,556798844568
GUO4356,273445617997
ATG2421,105462100702
JJQ8438,942561237651
EXG2338,971111871118
GDU6568,783024151443
BHC0308,806729996796
BLW6958,218333655389
UCR7803,654945050909
PEB9581,955526698701
HZQ3678,554554251233
STC4094,820833376750
OBH3670,708670287013
ZTR9566,034871993720
NGG3650,003269891565
MUF0705,741687370102
EJZ6889,671921657155
LEQ3157,370987676653
HFV3104,377691608988
KOM0961,937474983239
JMF8806,305069173855
KEK0001,137946825137
JOD1498,897106803452
JJA2324,232162248706
YCH1769,901379681819
MWE8313,455220973069
ERT8560,089626886445
VLU4347,327592165410
EOD7420,788046317653
VTO2348,441678332087
MEF9731,812661059997
MQZ3065,756924794973
HVC5531,143068486094
RHB1126,285318094137
RIJ8168,183743640548
LOD8825,709144178660
OHI9602,375032970389
QZB2366,001295021524
YZF8633,492633852415
ILV1895,726844433925
TOZ8891,143788900864
VUU2616,227152600607
OWP0888,772243466384
YII8000,776355184494
RCR8266,592503294967
ISG2441,687622607742
RGH6799,934002276089
WAW8823,801073200627
PWK2954,958041929867
COW7386,863004654494
HRO9401,172284234912
NRT8749,519011998825
HKX8073,430855300195
DKX6131,143498774352
CJO4537,118278426151
LER4391,852902978208
CWL0609,867846945636
OAF4915,903175011827
XOD4145,452011469068
JVC6766,658979758376
WYJ1672,191065092834
GCT6863,879898081339
GMT9612,821087140726
GMA7517,623569541908
ESQ8146,078169171005
BXO6751,261830784817
YQW2455,673295091422
ARI3207,163852616512
UDZ0101,440669629701
SIM2570,064259664659
MNS1170,959812470865
FDM3710,272789409402
KVX3542,457088574486
OQF3322,808859693090
BZV9136,163214742053
AUN9552,420063620041
BIE2912,372702712992
FDT8414,109334933109
LVV1090,100179495874
AMP9959,214056678506
FTS7782,986625445026
SKK1200,892341777277
EHT3826,407681944991
FXI0440,176165038123
DDZ6171,261103055335
PON5891,579087983247
ZHW1932,915410721802
ZDK4938,843125851599
LWF7858,821162948195
VJO4571,574651221870
PAG3793,249884424405
LHP2157,662594403105
LBV2123,975818106764
YOZ8502,531187629248
WOE7920,194770423479
KXP0993,752761697631
EAN6422,378588973726
PYP1992,162515176378
JMS3053,952438597152
QVR8933,913505497981
BUN9293,291789499890
UDJ0435,161976731645
MPE0430,619773378258
LXY4008,442786871327
GYE9774,798602577444
LEV2856,484262389000
WUI7734,982144745813
DKY3126,391022643864
LCX3899,895220722658
BAJ2478,982460880882
HKQ6330,732706940601
OBZ0235,492782049452
OLG5154,224623504073
NAP0709,843273613862
UXZ9032,215759130563
VHD3842,633941068121
UNL3725,069945447177
TMA1297,564467610884
PFX9441,844837972499
PBQ1612,308349405146
QUB4416,798580828001
DQU8056,933147781751
DOC5545,551890915790
CRX5557,189102931264
QXG5897,288536260180
KWW3902,583219963094
XIF4890,623254951499
IYQ2759,326485885068
VOL6052,983590813246
WNE8626,770262803533
LJT3260,648654440420
SDB1649,861179494564
GRF7496,933086254163
ICE8771,924034533801
OAA6307,522455043981
TQX7834,030913956729
GVM1868,015162553844
LQV6719,265491138726
NJB0191,850895073432
CGG5587,649536971680
NHE2830,012405728451
CVW0857,112814993701
URG7236,947288131922
NRN5248,539144925681
LRX9287,246230037826
THX5189,272388238279
YPR8715,399211350549
FFD3949,542829002281
GVL0795,316101546019
JZT5014,829556060978
RQL2599,085446339740
XWF3753,429792051014
QUB7644,194958192604
BQZ8957,205241140309
JYN6076,847348031279
YNM9018,077828017262
GDH3845,654773332708
CSX5399,966964436591
OOQ9895,981173994711
MGJ0071,370544228157
QVL7376,317164324978
UNQ5367,226297162138
TYZ1443,178582253050
LPU4750,638408931538
NLI6497,234957230536
TAC1193,157118189136
WKQ5153,851150203723
YIL4481,540834435732
JBS4720,576580632964
GNZ7535,207958231935
KSH5854,485902323433
OGL4788,081756578179
TRM5435,297628208959
NXA3678,229197768072
YMH3018,531967629111
YQI6346,356806609000
SQX1414,709767142516
WNL5916,028527430081
SEZ2098,428416591004
LNG8763,569662488193
YWH1540,584356471326
GFD0428,340320365590
VCB2785,986162682819
MQI4974,594174701392
LNI8426,581428536698
DEA1382,262565835793
DSO4496,932406559423
IEA6439,256196009313
OWM5140,157299508218
EHI0720,273389150089
UYW2600,852335131067
JEL0614,674895425215
ZUY0687,303708745594
KMX9917,063010081949
BNA5222,796202326167
UVM8456,143242974835
FYD3367,082911917612
ZWO7802,645144761856
BOC0562,566131498944
BOI2600,611600080330
BYN0497,853746006478
BMQ5441,934096547551
LNT8134,734469955043
NDF9351,578151963738
LRV2138,211869017295
GAL6194,225336809647
JUJ6948,720875740372
OJM9707,454836708527
MNZ8051,389854500815
YII9025,514208745459
ZTT4542,618819159503
PUH5492,164723869938
TUR6970,237888937272
BWK6850,897041458920
QZR5567,054231542547
GIF0235,854780310188
XMB0715,574023668438
RHB5785,865233024702
TYA6401,221968971019
PCW5163,066643093492
DDZ5699,236480200867
VID3333,371799312156
ADD4614,597376263136
RBF3102,492107357285
YWX1462,681971537668
WRB6692,837873579774
BXC1034,847004107218
WHH7828,529643760105
HZT3657,693735244151
HWO2426,078727053108
RRO7818,969531607525
CUI9906,404505245932
OUQ9878,768639184044
ROA0883,197176418717
FHJ5228,565105977207
IOP8699,499817256075
CES2379,517985414680
ZYO4329,819139200856
NMU4727,111218469721
YAJ6698,210493341430
AJF7472,052464601038
PKW3628,015633110568
VCK0541,352351211324
CTQ6149,083799228288
ABC0353,414970684811
VDZ1437,072787749357
JDR9695,607253213455
AOH1494,314488686720
NVD2546,557099545219
KQT8994,734564596825
TBZ3879,187800413818
MEG3963,375497971892
HJC8158,962305515402
ESU1320,860127514977
WHZ5099,694962899686
ERA6956,932602992550
EQN5889,549430001924
PXP0939,095648929327
JTM6692,303809386208
JRP9368,997457815017
JIS8135,192929365277
TRM7709,295897002322
KVD5294,545658638234
COS3004,064514925250
SQW0329,287734742440
OXR1532,717103299365
KNN4910,468201046509
UNQ8921,187530727592
DRN9304,387858334222
OGR8356,174209727948
BSL0430,228844694927
PWQ2068,499980667237
ADL4233,411474999995
BRM3896,636252944721
VXH6669,047540624921
NJH0623,345618699800
TYB3770,754760921300
GES0788,446009618408
QSO5974,209291778889
BAJ7764,621093037019
FGJ4842,534116104247
JDD2815,050597707097
VCH3973,478098199638
SKR9429,430386711928
TGY3447,944463476925
YOO2022,207275928589
EST2468,439709536246
KTM8616,390943319162
GRA7996,040379918081
GWE0212,414701711234
PYT9548,166039419813
MOH4409,555794978746
EKU3583,761764627377
CYE3450,852672178191
OJP7944,488480772481
PHB3878,069712858844
SPW9194,805972944203
IEI9834,519495592635
YRW9134,980699615105
VKG6578,438385166976
LVC3286,988380007896
YYK4661,720939216625
ZOB4677,648650916276
QJJ0624,522202091143
PKR3997,334608864698
EEC2955,732750335105
LNJ5565,559623031939
DGE7296,275330296742
DBB6071,335825875007
FZW1316,950487724932
YQU3844,104816413100
TUU3983,945102295678
XIE5043,639236633591
ZWF9325,719476066352
WEX8340,583261054442
NEV6924,970512563241
OTA9436,208821884496
AUJ0630,509425392820
DWU7634,506045726719
MMW1085,444831187270
NAZ3153,149763388183
SIP0449,731586247065
UPM2696,132260025853
MVR6445,885679799666
RQA1124,727132793644
CTQ7463,243878770377
RYV0160,452800347488
SAR3045,646374086362
AQR2118,392229728709
QSC9811,406457809590
ZJV3027,948226486751
RUL1199,801751359292
WOX0584,048177413932
ZES1938,709191826102
KLA7483,301133383322
CPY1661,101107804899
IAT3077,641521160505
IQZ8047,485310163854
DSJ2656,313441482391
BDZ8621,285231670522
ZTA8087,464285648919
YPQ8763,292037115454
PYY4975,034586151015
ZZM6003,882469263341
BXX5578,736530073284
KWL0250,472178295598
AWQ8565,212266278268
LJU1016,296794258826
FDK6278,016338831044
KCZ0143,197655560295
OVN4167,281623142335
TQW4977,443920223993
WLF2293,754883490210
EOO7760,136897300273
CEW7777,203383116843
RZO8474,044543702483
FWX2262,677372199810
WAJ7521,464841175869
DKE2843,532966201217
DNL7090,506005096396
AIA6869,483740318114
MSR5936,024022147431
MTP5701,064261986777
YPO1237,725494520009
BLY8212,275693413264
EYB0115,638325421504
VKF0831,422341157784
LWO3572,774759178495
ZWB4882,439359978760
ATN6453,008514019926
TDF7502,968799456587
SUU1908,235975492040
MDE2452,816826446669
IHT0345,125573635779
SJZ3128,141770914832
NIB7222,424237008980
GLN3178,177237878677
SCA6723,987237112083
SWJ1755,858349736823
OPY4718,672538539376
QGZ6353,813395914715
ZQU3972,539575664511
NZL5603,650196944728
XMT5138,145309273804
VST5529,051675554228
NRH4846,612387112528
OCX7875,221850716745
FAV8404,491666935616
QQH3964,872436378176
FCX2522,375975894267
UVY8212,601873713516
ETP7438,038807423920
GXO2803,509902369360
EPA6908,159869705202
FDM6457,234616971700
BTG6746,384381491471
XUH7338,876844160263
DSE6758,784100573265
QMZ4347,026661348785
VKL0638,503969986682
RSZ5230,556463461479
NVB4819,712334292816
WIQ3694,481140251869
WFO1527,147455214267
BWU5098,318935719582
SSC0613,872511022315
OAY0101,178404494589
MOQ6738,247218310829
ONR3823,406695668338
TXK8432,341933235162
PDN6290,280206435439
AEA9247,678620760043
GVP5669,631443628862
PCO6495,760700555551
SGZ5918,533045534367
GRV0217,120031079209
AMD0011,886326111196
GTL2624,999849014764
RPG1831,669489040132
DJE6265,549605805624
GYL2102,589455866218
DZT8744,334816754079
WLM0967,352817581293
JMW6060,360077551056
YAD9718,758724620015
FJL4054,714305651003
WBM2585,190995381524
JFN0241,127277490862
AUY0350,609648700649
TQK8514,876919183499
NQO8750,197117968239
EWU9008,665053879144
UTF1993,357043546292
VMQ8856,791028707022
ZKH8669,503653429951
IEX4598,921498998319
JPX1182,269692607700
IOM6370,939288273702
TXW6209,305235864174
OOE7241,859930104336
DCU9228,663443074616
GDQ0138,765996415889
EQQ8463,039746832449
GJF2833,755443611320
ZHH6457,531580230526
KIF7522,557955173303
ZYG2399,757359047326
TRX3288,277069196870
YDY1462,690518180948
DVB9032,369957403073
ENN9957,216714982933
FSN1407,525596950390
YNU2691,729459541912
VFO4315,719957392034
PTR3141,604674865379
NUT2245,221483608192
WKB4726,865356604805
JJK2345,531069060735
QBL9825,469671616810
FCP9936,861294558939
MJQ7709,123467804531
MWB5244,608619406158
MQR7938,736658650592
LYZ5123,833957251075
KRR7959,690945175627
DTN2761,860542497332
DQY2121,057289042549
ZTT8999,854251638165
AHS4079,505804367541
NNM2820,631806903291
WLE2170,827762424516
MQL6789,486850186375
QLN0973,392625168815
KBT1076,066015593939
UWR6611,802260487771
TLL4658,204739680015
APX0652,219838620254
HJQ7726,530513322988
XZZ1341,794218990193
ISK6891,398352005447
MCQ6946,401702229965
NEU4782,915000636521
AEH5449,540364569134
ZRV3142,965943376321
IGH8124,868254656203
PIO6122,307726358317
QSL8475,001105043128
AKK1640,873643519789
GZX4209,534043474294
VFB3839,937178442717
VZL7121,923894316786
NCZ9440,321680718380
CKI9070,060754978745
PBQ0693,377976200782
OBF1518,575742768027
AIU4592,954423337145
FNH3023,964709205895
OWM9908,289846202319
MWS6395,829243711514
SWK2546,472774086491
ORC5819,607786172783
TIU4118,923953482133
TUI2382,979347574984
HVQ1903,894778461627
XJD4024,840042843660
GQV5661,918131592724
MMS7041,804118554775
SGH0391,205925159668
VPW5452,207682126160
PWZ4373,680657826211
EUS7651,509354478625
OBM2887,284843682235
VBC6681,068471070026
NOJ3989,068339314873
KIV3709,258007182069
KEE9068,753084174214
GPN5741,767658875024
YDG1186,886249200714
AWQ8757,890682185170
CES8218,840296229136
JTS3581,149474769324
KQP2170,067355760763
XIS8475,098784370195
YYD9548,099028331878
MWU4704,491392354805
QAW9132,381926549423
VFP1925,633733151854
TQN3563,744825325583
VOS1956,879170870484
YIY9762,851316503152
WED9515,242897208820
JDT6640,648025096302
USU8099,301086599651
DSL6113,124028368176
QUA5740,459546559309
YST5482,132086098624
TJD2600,146287857086
ENJ2322,340219504753
CNA0187,881714930627
OJK5619,443151567183
XXE3378,175583485991
PQX3505,266579342164
KXK1618,737663358350
KHX8736,056549230965
HPM6918,250245074909
ISR9543,237569739641
MKL8444,414220126876
AZY2750,671036008908
SNT9143,092643865132
WXM4116,614246793831
PFQ2788,720074822593
MLU6017,163625181003
XVH2405,817368568786
UHG6682,309493743597
UAI8429,352802096610
SOL6832,862562346159
TWM3039,415697303901
PNG5714,596871573377
BVB3681,717354088359
NFQ2233,532650783015
JBS7679,893919115598
GBE6826,180838799529
DFP1981,398745218448
PVQ4586,268939126572
UEB2046,530571104686
WFE2772,893650308671
FUX4660,945822759164
ZWK2619,359503601984
ZMV0637,031701170243
VQR7326,642621712316
UOR6884,267426452676
VYY3107,667777962943
RCK1764,310198496015
WHU5228,734611965468
NHW5721,836270332697
NRP7215,112393916775
YHB6044,401028570815
JEJ6235,588460352079
ZYG6708,428715674495
FUW1305,066041873855
ZGZ3525,094686069822
XHR5185,520879146031
LEN9140,593553734215
SDB7091,905755710745
SGG0623,295791205358
NCB6510,003195808731
IOB7117,522103669557
FON4813,963387566867
HBE8525,842436203992
CSY9184,955335912401
BOD3599,575146383897
LWL5745,028112922597
YNK9502,187345061877
GTU8215,054462991790
RNP6133,489741312307
PKB0307,257872474403
MXB1555,327070961533
AVZ5729,118435248740
SOC1143,962851266525
RUU2347,936438246099
KIH4544,630326495740
ZRV9316,349698399031
WWQ0497,134625076071
SOK4632,914044247575
HLJ4784,587977762556
SDM5766,880462299790
BRY2296,435241956931
RUD8847,057071530743
CRW4851,539013781108
ZUV9251,019766074641
MBB0018,521155584306
CVM5866,559931153348
FPU6789,419330013910
DPV4172,430690651736
HHB2294,408793089905
QRI7194,163147672466
UDY5943,633086612317
KPQ6615,103207942706
CWE7430,636753141494
IZA2265,150448197730
PCK6893,712298777995
WWI3581,840891528004
UHB2278,538051450204
IBI9749,202888209866
DKB1610,785220650519
VKX2647,162715818535
SLW5797,129214545544
RYT5543,064684873839
BAE5960,478270991561
BTW4415,973062913610
MTN8014,982893509902
LWY6934,371080743389
EUB8803,758494568766
DTP5022,423666434960
PWC3771,173802966312
VWQ1465,205548273244
APQ8268,496446228101
FVX6372,496635747295
QGI1698,193467581862
VIJ1533,478600279765
BLS1326,845322748591
KPY0119,417569784790
QOP0596,458254394524
QZU6510,936833217268
BOT5854,210583457775
ZEF1721,174399687218
XSK3644,346343324136
UGO0932,109328493764
PIE0933,191119364054
KMB0561,465601046914
HLJ5442,471001826508
RWV4643,100547931601
YJY7047,148947020792
CPP8304,873642006791
WQP9721,222013057948
EVW9391,344234718458
KHS9317,362366201853
YEW0318,441108525331
RYG4428,065269872725
DUD4066,715449416711
URZ5029,817217895608
EJH9762,550924723907
COQ3380,866623511954
OCX7155,007686292949
OMF2137,024968099031
BJS0965,391280086816
KSC2526,932189741840
VAK0715,247985756500
IAB3614,233184339043
ZFT2392,172921368169
JHI4198,236024598839
FMH9092,822733748365
NGL4069,485738352134
NDP7176,998742931762
HJN3629,843171039203
OZK1960,469397886644
BLM7626,773746157097
COG8908,712025100052
OKX4171,878049806666
HVX7368,061802843097
DBG3432,217166884620
KPD5635,542002623720
GPM7203,611174869425
STZ1816,950492505724
SLM3695,652532769422
GAT7011,032420829338
OKZ4720,114298489381
GMS0439,453470699034
JIW9763,379587102708
SNJ7435,016631412934
YOG7795,412397950264
XAV0172,202702652892
HTU8432,899079152948
KTP4948,526141495865
JUG2275,246941514173
SXJ6688,265817929662
BTJ4252,128348001578
KNE2165,404398483250
XNE5720,103657769106
LSN4246,969167559683
DHN2784,972447519795
LHA5104,026177296027
BXD0194,037040354459
BOU8546,351887537186
OUW3081,691745839403
JJV6095,762929306039
URN1822,414855158764
IOZ3855,971713753527
XSI8075,663455300101
SNI7897,511042161662
ZHO8443,644425233887
STA6369,935236789086
SMV9224,832533504042
QPK9396,610055946584
CPN1691,304424649462
VTK2798,279436259882
KEX7194,151457189731
PPX1889,196840055246
LYI6829,286846961162
EMQ4676,916247727065
ERY1278,716834274553
AMT2471,846592618831
CKM4111,004121229511
VSK6423,408930466352
TQF8178,629807521016
XOI2472,500193006941
HFR8719,704368151736
JWG3453,947887000219
VLW6615,579096487984
GCJ1805,644652268742
ROM0871,632854581341
ZYZ7413,418827560234
JUO6754,698915893438
AXO3319,749872937542
GHP0696,294634425249
RUV4174,746963942340
XRQ3735,493578454412
IXI6661,047182582468
GIW7897,371919894690
QWX4168,791882612396
DZV9919,962301862266
GVG4533,486394604158
HLF5434,165921587804
KXO3776,845012032433
JIJ6185,820333723908
SRM9318,619340726313
WNB6303,897362605549
WHX5771,684298853020
PLR5962,218904096599
CTD0885,963819359544
XPE0824,591860378242
TLM8841,579662135144
DRC8668,252278868552
ZSJ5232,663810711172
PQW4032,241043853092
VAJ9190,462083246603
SYC8160,970124463430
NRA7839,469369139185
GPD6084,870692040649
OGG3137,333388084550
SOT0213,745168650041
XZO4335,576480531759
PAH5974,617773081752
JDC9922,456284049102
KSL0705,467638971736
ZNR6901,827760206379
ILF0208,245180120582
WZJ7479,345094995220
ENR8480,341683575883
PTK8710,916586939165
FQB1703,752416504731
BTV7821,310205942547
EJC0574,622396785267
NEL9528,608597786934
PAX7290,310829346810
EEW6298,305812300184
FLY6864,398724568607
ABA1501,555977995508
OGQ7632,041867258307
UBK5695,413323121781
NCI2942,060956328813
LGH0568,337419966324
NUH6098,054751837330
ABZ3136,828300132595
YUA7702,965872194239
HTO6127,349701219391
ZSG7806,062035217084
CWV6344,416868747682
IQS9344,674619988342
QZL8971,492608725977
YVF4447,174682294089
MRT1404,546020745413
OZV0151,822723575589
SFZ0251,162016118995
VOM6490,381131080536
JIL6677,906328821378
KYB6986,543464305260
IND8591,957186176684
XXH0118,797161365471
OEF0718,955036667587
AMS3130,580364924167
KAO4727,869541566540
KYO5396,046782482431
HSW5024,889630326287
BTV4507,922635629392
JLC3750,930353472656
TJQ0234,543636035776
PVF6333,358765475769
XYH6372,299717204191
SJO2973,759381384590
SDO2292,233721460768
PWC7737,498411869117
DBT3609,687884765685
PEO7366,143617461142
VMG2386,059389822333
RDU5001,991083224734
HCY7655,099418856845
FSK4564,082876274866
YWM0881,365503796714
WCO5659,836132872889
SSP3621,429602021565
QJB7623,105054936910
RRJ9843,313360922063
IAC1567,799774454827
DCM5443,769692643752
WOM4436,413169794615
EOY5803,224258122755
FXX8745,778556724013
ICS6815,561453170650
FUL7622,423581913439
HEI4084,588588517717
JHR2335,892901589700
VQL2845,056421635095
WAX7325,522154171040
KAB8895,720874722371
JPN9541,224867649307
TIC9812,729475784963
NCH0742,456729878741
CUO8528,612600086739
XJF3043,760413308095
CST0604,485223794232
LVH8282,466170570125
OBA6370,845765137905
BTB0074,354585967651
JWS6077,937763688886
BEI9616,411411717776
UCZ8052,343512430804
QAW5768,416517238296
QJM1833,963022962639
MAK3242,433306719229
VUJ7353,301544923517
BRQ7756,899030348801
NFS6747,145659717803
VLO7889,022602265035
TVJ5011,330733402822
XWO4039,116915412419
LUF3890,590402140141
LTZ8497,060173704353
LDD0449,354583402362
RSS0072,720634187270
PIP3662,642038000634
QAX3140,462924467282
AAO5185,891879029121
UBX0431,231477984018
TPF8653,925121179298
PEX6569,843238421013
XAY3990,956576661421
RKI6427,174334598143
TML1598,336151649149
TXE0487,035755468237
POG9827,303225671971
IKS4124,594294591837
ETX1769,756805931552
QHH8809,151728361587
DDW4269,380303255185
ECY2057,102960369732
YZF5298,416798351987
MFQ9379,870496767406
RVF8781,748771428095
MZZ5184,877879915399
HAQ6735,539238714815
OMW0544,367643803937
BKR8033,290327305054
COP5997,960807786051
KIR5918,240502587884
PVS8461,591459537653
KDZ8636,676500323435
MBQ2109,399075276776
ZKG5320,097548153841
KLW7393,221239887378
PMI8414,115850491888
LUX2582,372478164489
ROK7155,379735149125
JIO0389,094114490337
WCU2892,842021920389
CFY1120,587248518373
XXX6154,485689239235
YLM1617,805523773015
TCJ2840,228068810798
BEQ2257,356998223291
INW1092,210943502016
UZY9522,888709201985
WNH4405,339358828157
HCM3310,789679274063
JHB4677,962173260392
WSW6794,058540533452
AIS7470,899177551716
WHI3993,499688129182
NQU7437,038718750660
QTY2778,943718666251
HEG1350,609003276413
PTB5242,683137254445
EUH9826,550765245343
XOT2795,756947223393
SCT9556,284130905909
YGY7579,265226952566
NMI7809,412654167851
TLX5381,196904104226
LRW9446,515690750695
BTS7984,944903519475
OEI2453,478145214973
VYC4499,183343886556
VZH3317,581486166008
YIF5905,685714761855
QPN9689,924313822259
PWQ2889,550358667601
HAL4355,998307338529
FRL1184,937261283710
ZBB2087,989612797117
UEE8230,057592597697
GHB8359,828436137538
ARG2441,611147112432
FLM4569,886526280658
VTM7877,803374314946
FRC9848,464489969238
RCZ5332,139688485284
JPA8328,425249490754
EZS9197,233646406308
RTO4897,665114822102
HFP0610,369543067766
RRI2364,449790541926
MRY6877,281003958332
FUN5246,048536092732
FWZ4845,995396455915
HAI4338,603498615262
NUJ4302,471172030132
ZDV0049,603488582727
ZVH4991,185554813948
JPL6278,541509674446
AUB1653,541897260054
XJC5707,091649100563
TKZ3271,660683826599
RYM8198,709578169057
DJL7150,268021187765
LSA3291,719807398795
SEC4677,664305957293
VIO8016,520768166826
TGC8160,952462734578
AIJ3124,648295293129
EMY1782,123297621676
TWP6803,422356775538
XQK4711,817957711562
PJO7887,017340474440
PEU9396,008054409011
ZIC9065,927468895162
EHE6335,448503749705
DMO9606,704584551611
DBS5590,777765974282
XLL9621,505939246162
DXH2089,306869849488
VBC5492,722614701708
PQZ5307,762646052857
DYM2013,954528609340
NFG0311,041355512869
ADT3026,717822679392
IRW7270,859850885316
DRM7001,606662243955
GGI2853,370952889859
WCB2586,316992303467
AYU8396,753041216890
KAK0085,746379222373
JWI7242,433267762110
FHC9564,630998700288
TEP2502,868890953796
DYC9198,517597510666
CCH2739,662405788390
TTM1574,420826642770
PVB4434,174216324157
IDK1098,553314219777
IXP7635,130188191221
PAD0396,394318279842
VBC6456,348949509457
GFN0175,713798678871
TRY6374,473550365576
NLN8257,319752726130
XKZ8019,481334259860
LFX3819,689161471511
QQT1909,122735589980
EVT1721,343865533377
GTU5713,666523349066
MYG1395,549608358977
XZI6315,631967543195
FRA9834,400525012282
AQR0780,264790496824
TTD6156,891018176093
MVU3401,248224804848
ZYM7479,277876613486
PJO1423,564304489761
HRT0716,440999767914
HQQ4896,682861683730
MCE0624,641128904068
DAE0987,956823559197
PKB4096,258609752640
ZDR0980,381181607394
NNR2833,814652078424
IUP4405,883053130433
FXV2937,576242977666
CHA4301,330073456155
OYY3144,367282657256
BZK2619,090608681128
GDQ2602,365197771415
GHK6059,140089131820
VWE8953,507895212486
VVO2127,355268008410
YSO5862,852096824358
KDN8399,526295130132
FFC9540,512567501168
LQH8573,557494319893
ZHH8905,898357225950
RRH5436,079664807671
SPF5813,701453663368
IFP9150,054766318286
LIM6042,874785020916
EYZ9444,027880222759
QBA6938,288304426570
JHS9349,477443697220
QBE0396,255824653041
LFX5762,919473898575
IKE9689,758889751603
VBX1601,974593579176
EKZ6668,385472404056
QRD3866,259989915901
MBV9694,548433263259
STU2403,836559322654
UFI5412,545922067496
WAH6518,061428591058
PJS5334,700494870228
OJA5577,575352585969
IAO5427,694372066772
JGN0124,793272775058
UHV9630,667689858452
AGT1166,454807812410
MWW2266,534644515787
UWM3914,489538426321
NZP7553,008173297414
JFK0779,627105099714
UFA5395,614873670496
PTH0555,998209736727
RTO3683,446043441839
NUK5399,171221685607
WUR3334,839867445068
BVU3732,018450069834
FDG8306,793618274659
FET7963,400875680366
CRE4689,136847674586
KBU6667,306688921956
FVP2682,712074406318
JZC8808,133282024092
OIK3333,354646263259
JUM8097,652303963714
HFE9998,288650418194
UKM1718,642171348726
VXW1792,157293187789
VNW1237,364161014647
URA3776,502765372546
HEY5384,790033633237
CTE2671,729477191510
CRG4833,825441014259
XMW5677,196617812042
HTP3092,823603437536
MPK0797,443354324450
LBC9713,609830281202
MEP5725,436253778547
VFA3242,643686500627
WMQ1718,216816397303
HVJ0469,119518919168
ESS6311,860480590251
QZL1472,284251576092
MDY8164,454878296677
FWY5030,844694426083
RXJ7960,718382998620
JVE5904,657576164229
AXG2686,429512926144
WKT8415,718391511915
GOM8585,309278787346
EBC5086,412189154207
XJX6300,310782934516
UBG7431,092608272976
JIU0796,536869647814
NNK5606,707500967191
ERY2652,051479658742
UXL5229,324421237541
TWA6984,892351828695
BMD7937,471086197333
KIS4444,858427640929
VTD4676,799049818249
XIP6133,924886699601
PUC9348,309606179562
RRP8846,307625693871
OFK9031,036274914996
QNE5474,995955237979
CSB1014,936411081861
UBV8785,436916534033
IOH9826,208383639627
XIJ0539,985645318433
ACL8746,286037046875
HJL7575,670634131617
YKK4586,308475095367
PWV2172,544322885592
OHU4374,057329126022
GBG9695,308706619520
CTG1326,106779157047
MNT5112,907138705170
PIU1802,712381310760
CPT7811,361932859798
DIY2535,369655160950
PAM4450,200568548974
KER0673,883698171295
IYE9267,477701623239
XZJ4636,326433204618
JZN5646,933186403831
KEI3518,833664136377
NVK1830,525249441708
RKS5156,371165418102
XAV2306,060157148985
BAA1984,859058818352
XWM0728,143018266361
BGW9737,357110091977
MPF3769,061154995432
NAV6849,671070448049
GZY3786,250717515629
IEX3539,820753452083
WDJ9647,918398922280
PNZ9632,425495974123
LPT1785,767357492463
SBJ5644,222322021590
HAF9214,282979020571
KON0222,517704237339
QGO1173,701112995690
VEK5419,863038166740
HTR7231,142698808004
LDA8872,071236917823
IFZ4210,966448356719
WYN0998,048342831196
CBD9949,913355011006
ULY2388,695323837345
NKB6124,912686339793
NPU9111,241733523765
KIR4278,845817800051
FRC3332,532208586544
LVM7832,931756010452
MVF3856,859433186695
LFO2600,800933333325
VKZ9796,099463118693
CAT0722,907408608347
AFF3452,540333126460
XZX1322,176193103215
YPD8410,880600796083
BHR4152,394802448874
VZE3337,024075213117
XOA8623,837046183167
BVR9912,491135290779
BQJ1833,647377835098
PWQ0567,745161675993
FWH4201,367029837372
OSE7652,969200650150
QFF5516,898300003009
KWL7435,819843344823
BGQ2350,917947570074
TUK9713,569988381820
VAZ6842,669416051856
AVJ8661,692188214197
LLM4281,288793287202
XZB6902,767788192372
IDH2471,831510647504
OOS7209,120581512440
AAM6865,968250024367
JPA7027,237282189697
ECV7831,833433600207
IEK9595,739449629603
XYK4834,976758027068
EOM3380,364079942260
IBK7109,776683316476
AEJ3770,999443535747
UUR4745,690578017496
MVZ5536,396828971515
ZBW7126,164276186299
ZXK4649,952104926173
UVE3202,992829101104
BCJ0840,114001236770
DHV0563,050736653532
SOQ3165,273806423857
YZD9144,017453659172
YSE5058,992247245856
IME9130,279522423790
TMA9089,848407077324
KAS4978,396055717844
TND4168,523466177584
NWH7559,129277705261
ERM7867,750887749156
GSU0608,298406841738
GEQ5525,467144400377
HIG3950,205223932970
LZX3694,392399645929
JRC8758,095682408524
LLV4109,749354108059
SJZ7154,590574060344
LUG8887,908171019208
IBG1045,944755809030
SNM7491,205274705786
WRP4410,612590945634
UZX5250,905620766852
TPM8707,464051645283
WKP0056,472268957491
HPV2594,691634129365
MRM2593,901903222241
KMM3822,153269742483
SEO9165,229777126192
VTS4391,827514893497
